RoundNum,OppNum,Side,PD,TeamNum,Ballot_Result,TotalWins,TotalTies,TotalLosses,TotalBallots,TotalCS,TotalOCS,TotalPD,Rank,TeamName,OppName,EarnedBid,EarnedHonorableMention,WonSPAMTA,SPAMTAHonorableMention,SPAMTARanks,Student0,Role0,Ranks0,Side0,Student1,Role1,Ranks1,Side1,Student2,Role2,Ranks2,Side2,Student3,Role3,Ranks3,Side3,Student4,Role4,Ranks4,Side4,name,host,location,start_date,end_date,level,year,tab_note_0,tab_note_1
1,1173,Δ,13,1001,Win,4,0,4,4.0,16.0,64.0,19,12,Miami University A 6/3/2019,Miami University A 6/3/2019,False,False,True,False,29,Taylor Persley Miami Universit,Attorney,17,∆,,,,,,,,,,,,,,,,,Indy Mock Hundred,IUPUI,"Indianapolis, Indiana","November 09, 2019","November 10, 2019",invitationals,2020,Opening coin flip: Heads - Higher # = Better Rank,Round 3 coin flip: Tails - Left Side is Defense
1,1173,Δ,10,1001,Win,4,0,4,4.0,16.0,64.0,19,12,Miami University A 6/3/2019,Miami University A 6/3/2019,False,False,True,False,29,Taylor Persley Miami Universit,Attorney,17,∆,,,,,,,,,,,,,,,,,Indy Mock Hundred,IUPUI,"Indianapolis, Indiana","November 09, 2019","November 10, 2019",invitationals,2020,Opening coin flip: Heads - Higher # = Better Rank,Round 3 coin flip: Tails - Left Side is Defense
2,1391,Π,5,1001,Win,4,0,4,4.0,16.0,64.0,19,12,Miami University A 6/3/2019,Miami University A 6/3/2019,False,False,True,False,29,Taylor Persley Miami Universit,Attorney,17,∆,,,,,,,,,,,,,,,,,Indy Mock Hundred,IUPUI,"Indianapolis, Indiana","November 09, 2019","November 10, 2019",invitationals,2020,Opening coin flip: Heads - Higher # = Better Rank,Round 3 coin flip: Tails - Left Side is Defense
2,1391,Π,-2,1001,Loss,4,0,4,4.0,16.0,64.0,19,12,Miami University A 6/3/2019,Miami University A 6/3/2019,False,False,True,False,29,Taylor Persley Miami Universit,Attorney,17,∆,,,,,,,,,,,,,,,,,Indy Mock Hundred,IUPUI,"Indianapolis, Indiana","November 09, 2019","November 10, 2019",invitationals,2020,Opening coin flip: Heads - Higher # = Better Rank,Round 3 coin flip: Tails - Left Side is Defense
3,1276,Π,-7,1001,Loss,4,0,4,4.0,16.0,64.0,19,12,Miami University A 6/3/2019,Miami University A 6/3/2019,False,False,True,False,29,Taylor Persley Miami Universit,Attorney,17,∆,,,,,,,,,,,,,,,,,Indy Mock Hundred,IUPUI,"Indianapolis, Indiana","November 09, 2019","November 10, 2019",invitationals,2020,Opening coin flip: Heads - Higher # = Better Rank,Round 3 coin flip: Tails - Left Side is Defense
3,1276,Π,-2,1001,Loss,4,0,4,4.0,16.0,64.0,19,12,Miami University A 6/3/2019,Miami University A 6/3/2019,False,False,True,False,29,Taylor Persley Miami Universit,Attorney,17,∆,,,,,,,,,,,,,,,,,Indy Mock Hundred,IUPUI,"Indianapolis, Indiana","November 09, 2019","November 10, 2019",invitationals,2020,Opening coin flip: Heads - Higher # = Better Rank,Round 3 coin flip: Tails - Left Side is Defense
4,1059,Δ,5,1001,Win,4,0,4,4.0,16.0,64.0,19,12,Miami University A 6/3/2019,Miami University A 6/3/2019,False,False,True,False,29,Taylor Persley Miami Universit,Attorney,17,∆,,,,,,,,,,,,,,,,,Indy Mock Hundred,IUPUI,"Indianapolis, Indiana","November 09, 2019","November 10, 2019",invitationals,2020,Opening coin flip: Heads - Higher # = Better Rank,Round 3 coin flip: Tails - Left Side is Defense
4,1059,Δ,-3,1001,Loss,4,0,4,4.0,16.0,64.0,19,12,Miami University A 6/3/2019,Miami University A 6/3/2019,False,False,True,False,29,Taylor Persley Miami Universit,Attorney,17,∆,,,,,,,,,,,,,,,,,Indy Mock Hundred,IUPUI,"Indianapolis, Indiana","November 09, 2019","November 10, 2019",invitationals,2020,Opening coin flip: Heads - Higher # = Better Rank,Round 3 coin flip: Tails - Left Side is Defense
1,1276,Π,-7,1002,Loss,5,0,3,5.0,19.0,73.0,35,14,Miami University B,Miami University B,False,False,False,False,,Tayonna Lasenby University of Toled,Witness,16,∆,,,,,,,,,,,,,,,,,Indy Mock Hundred,IUPUI,"Indianapolis, Indiana","November 09, 2019","November 10, 2019",invitationals,2020,Opening coin flip: Heads - Higher # = Better Rank,Round 3 coin flip: Tails - Left Side is Defense
1,1276,Π,-10,1002,Loss,5,0,3,5.0,19.0,73.0,35,14,Miami University B,Miami University B,False,False,False,False,,Tayonna Lasenby University of Toled,Witness,16,∆,,,,,,,,,,,,,,,,,Indy Mock Hundred,IUPUI,"Indianapolis, Indiana","November 09, 2019","November 10, 2019",invitationals,2020,Opening coin flip: Heads - Higher # = Better Rank,Round 3 coin flip: Tails - Left Side is Defense
2,1275,Δ,8,1002,Win,5,0,3,5.0,19.0,73.0,35,14,Miami University B,Miami University B,False,False,False,False,,Tayonna Lasenby University of Toled,Witness,16,∆,,,,,,,,,,,,,,,,,Indy Mock Hundred,IUPUI,"Indianapolis, Indiana","November 09, 2019","November 10, 2019",invitationals,2020,Opening coin flip: Heads - Higher # = Better Rank,Round 3 coin flip: Tails - Left Side is Defense
2,1275,Δ,-19,1002,Loss,5,0,3,5.0,19.0,73.0,35,14,Miami University B,Miami University B,False,False,False,False,,Tayonna Lasenby University of Toled,Witness,16,∆,,,,,,,,,,,,,,,,,Indy Mock Hundred,IUPUI,"Indianapolis, Indiana","November 09, 2019","November 10, 2019",invitationals,2020,Opening coin flip: Heads - Higher # = Better Rank,Round 3 coin flip: Tails - Left Side is Defense
3,1440,Δ,15,1002,Win,5,0,3,5.0,19.0,73.0,35,14,Miami University B,Miami University B,False,False,False,False,,Tayonna Lasenby University of Toled,Witness,16,∆,,,,,,,,,,,,,,,,,Indy Mock Hundred,IUPUI,"Indianapolis, Indiana","November 09, 2019","November 10, 2019",invitationals,2020,Opening coin flip: Heads - Higher # = Better Rank,Round 3 coin flip: Tails - Left Side is Defense
3,1440,Δ,25,1002,Win,5,0,3,5.0,19.0,73.0,35,14,Miami University B,Miami University B,False,False,False,False,,Tayonna Lasenby University of Toled,Witness,16,∆,,,,,,,,,,,,,,,,,Indy Mock Hundred,IUPUI,"Indianapolis, Indiana","November 09, 2019","November 10, 2019",invitationals,2020,Opening coin flip: Heads - Higher # = Better Rank,Round 3 coin flip: Tails - Left Side is Defense
4,1221,Π,7,1002,Win,5,0,3,5.0,19.0,73.0,35,14,Miami University B,Miami University B,False,False,False,False,,Tayonna Lasenby University of Toled,Witness,16,∆,,,,,,,,,,,,,,,,,Indy Mock Hundred,IUPUI,"Indianapolis, Indiana","November 09, 2019","November 10, 2019",invitationals,2020,Opening coin flip: Heads - Higher # = Better Rank,Round 3 coin flip: Tails - Left Side is Defense
4,1221,Π,16,1002,Win,5,0,3,5.0,19.0,73.0,35,14,Miami University B,Miami University B,False,False,False,False,,Tayonna Lasenby University of Toled,Witness,16,∆,,,,,,,,,,,,,,,,,Indy Mock Hundred,IUPUI,"Indianapolis, Indiana","November 09, 2019","November 10, 2019",invitationals,2020,Opening coin flip: Heads - Higher # = Better Rank,Round 3 coin flip: Tails - Left Side is Defense
1,1275,Π,-6,1059,Loss,4,0,4,4.0,17.0,69.0,4,10,University of Central Missouri A 6/26/2019,University of Central Missouri A 6/26/2019,False,False,False,False,,Colby Rogers University of Chicag,Attorney,18,∆,,,,,,,,,,,,,,,,,Indy Mock Hundred,IUPUI,"Indianapolis, Indiana","November 09, 2019","November 10, 2019",invitationals,2020,Opening coin flip: Heads - Higher # = Better Rank,Round 3 coin flip: Tails - Left Side is Defense
1,1275,Π,4,1059,Win,4,0,4,4.0,17.0,69.0,4,10,University of Central Missouri A 6/26/2019,University of Central Missouri A 6/26/2019,False,False,False,False,,Colby Rogers University of Chicag,Attorney,18,∆,,,,,,,,,,,,,,,,,Indy Mock Hundred,IUPUI,"Indianapolis, Indiana","November 09, 2019","November 10, 2019",invitationals,2020,Opening coin flip: Heads - Higher # = Better Rank,Round 3 coin flip: Tails - Left Side is Defense
2,1276,Δ,-3,1059,Loss,4,0,4,4.0,17.0,69.0,4,10,University of Central Missouri A 6/26/2019,University of Central Missouri A 6/26/2019,False,False,False,False,,Colby Rogers University of Chicag,Attorney,18,∆,,,,,,,,,,,,,,,,,Indy Mock Hundred,IUPUI,"Indianapolis, Indiana","November 09, 2019","November 10, 2019",invitationals,2020,Opening coin flip: Heads - Higher # = Better Rank,Round 3 coin flip: Tails - Left Side is Defense
2,1276,Δ,-3,1059,Loss,4,0,4,4.0,17.0,69.0,4,10,University of Central Missouri A 6/26/2019,University of Central Missouri A 6/26/2019,False,False,False,False,,Colby Rogers University of Chicag,Attorney,18,∆,,,,,,,,,,,,,,,,,Indy Mock Hundred,IUPUI,"Indianapolis, Indiana","November 09, 2019","November 10, 2019",invitationals,2020,Opening coin flip: Heads - Higher # = Better Rank,Round 3 coin flip: Tails - Left Side is Defense
3,1569,Δ,6,1059,Win,4,0,4,4.0,17.0,69.0,4,10,University of Central Missouri A 6/26/2019,University of Central Missouri A 6/26/2019,False,False,False,False,,Colby Rogers University of Chicag,Attorney,18,∆,,,,,,,,,,,,,,,,,Indy Mock Hundred,IUPUI,"Indianapolis, Indiana","November 09, 2019","November 10, 2019",invitationals,2020,Opening coin flip: Heads - Higher # = Better Rank,Round 3 coin flip: Tails - Left Side is Defense
3,1569,Δ,8,1059,Win,4,0,4,4.0,17.0,69.0,4,10,University of Central Missouri A 6/26/2019,University of Central Missouri A 6/26/2019,False,False,False,False,,Colby Rogers University of Chicag,Attorney,18,∆,,,,,,,,,,,,,,,,,Indy Mock Hundred,IUPUI,"Indianapolis, Indiana","November 09, 2019","November 10, 2019",invitationals,2020,Opening coin flip: Heads - Higher # = Better Rank,Round 3 coin flip: Tails - Left Side is Defense
4,1001,Π,-5,1059,Loss,4,0,4,4.0,17.0,69.0,4,10,University of Central Missouri A 6/26/2019,University of Central Missouri A 6/26/2019,False,False,False,False,,Colby Rogers University of Chicag,Attorney,18,∆,,,,,,,,,,,,,,,,,Indy Mock Hundred,IUPUI,"Indianapolis, Indiana","November 09, 2019","November 10, 2019",invitationals,2020,Opening coin flip: Heads - Higher # = Better Rank,Round 3 coin flip: Tails - Left Side is Defense
4,1001,Π,3,1059,Win,4,0,4,4.0,17.0,69.0,4,10,University of Central Missouri A 6/26/2019,University of Central Missouri A 6/26/2019,False,False,False,False,,Colby Rogers University of Chicag,Attorney,18,∆,,,,,,,,,,,,,,,,,Indy Mock Hundred,IUPUI,"Indianapolis, Indiana","November 09, 2019","November 10, 2019",invitationals,2020,Opening coin flip: Heads - Higher # = Better Rank,Round 3 coin flip: Tails - Left Side is Defense
1,1368,Π,-6,1129,Loss,3,0,5,3.0,14.0,61.0,1,22,University of Dayton B,University of Dayton B,False,False,False,False,,Ciera Cronin University of Chicag,Witness,19,∆,Jamel Gross-Cassel University of Dayto,Attorney,20,∆,,,,,,,,,,,,,Indy Mock Hundred,IUPUI,"Indianapolis, Indiana","November 09, 2019","November 10, 2019",invitationals,2020,Opening coin flip: Heads - Higher # = Better Rank,Round 3 coin flip: Tails - Left Side is Defense
1,1368,Π,-4,1129,Loss,3,0,5,3.0,14.0,61.0,1,22,University of Dayton B,University of Dayton B,False,False,False,False,,Ciera Cronin University of Chicag,Witness,19,∆,Jamel Gross-Cassel University of Dayto,Attorney,20,∆,,,,,,,,,,,,,Indy Mock Hundred,IUPUI,"Indianapolis, Indiana","November 09, 2019","November 10, 2019",invitationals,2020,Opening coin flip: Heads - Higher # = Better Rank,Round 3 coin flip: Tails - Left Side is Defense
2,1174,Δ,4,1129,Win,3,0,5,3.0,14.0,61.0,1,22,University of Dayton B,University of Dayton B,False,False,False,False,,Ciera Cronin University of Chicag,Witness,19,∆,Jamel Gross-Cassel University of Dayto,Attorney,20,∆,,,,,,,,,,,,,Indy Mock Hundred,IUPUI,"Indianapolis, Indiana","November 09, 2019","November 10, 2019",invitationals,2020,Opening coin flip: Heads - Higher # = Better Rank,Round 3 coin flip: Tails - Left Side is Defense
2,1174,Δ,9,1129,Win,3,0,5,3.0,14.0,61.0,1,22,University of Dayton B,University of Dayton B,False,False,False,False,,Ciera Cronin University of Chicag,Witness,19,∆,Jamel Gross-Cassel University of Dayto,Attorney,20,∆,,,,,,,,,,,,,Indy Mock Hundred,IUPUI,"Indianapolis, Indiana","November 09, 2019","November 10, 2019",invitationals,2020,Opening coin flip: Heads - Higher # = Better Rank,Round 3 coin flip: Tails - Left Side is Defense
3,1221,Δ,-2,1129,Loss,3,0,5,3.0,14.0,61.0,1,22,University of Dayton B,University of Dayton B,False,False,False,False,,Ciera Cronin University of Chicag,Witness,19,∆,Jamel Gross-Cassel University of Dayto,Attorney,20,∆,,,,,,,,,,,,,Indy Mock Hundred,IUPUI,"Indianapolis, Indiana","November 09, 2019","November 10, 2019",invitationals,2020,Opening coin flip: Heads - Higher # = Better Rank,Round 3 coin flip: Tails - Left Side is Defense
3,1221,Δ,13,1129,Win,3,0,5,3.0,14.0,61.0,1,22,University of Dayton B,University of Dayton B,False,False,False,False,,Ciera Cronin University of Chicag,Witness,19,∆,Jamel Gross-Cassel University of Dayto,Attorney,20,∆,,,,,,,,,,,,,Indy Mock Hundred,IUPUI,"Indianapolis, Indiana","November 09, 2019","November 10, 2019",invitationals,2020,Opening coin flip: Heads - Higher # = Better Rank,Round 3 coin flip: Tails - Left Side is Defense
4,1392,Π,-1,1129,Loss,3,0,5,3.0,14.0,61.0,1,22,University of Dayton B,University of Dayton B,False,False,False,False,,Ciera Cronin University of Chicag,Witness,19,∆,Jamel Gross-Cassel University of Dayto,Attorney,20,∆,,,,,,,,,,,,,Indy Mock Hundred,IUPUI,"Indianapolis, Indiana","November 09, 2019","November 10, 2019",invitationals,2020,Opening coin flip: Heads - Higher # = Better Rank,Round 3 coin flip: Tails - Left Side is Defense
4,1392,Π,-12,1129,Loss,3,0,5,3.0,14.0,61.0,1,22,University of Dayton B,University of Dayton B,False,False,False,False,,Ciera Cronin University of Chicag,Witness,19,∆,Jamel Gross-Cassel University of Dayto,Attorney,20,∆,,,,,,,,,,,,,Indy Mock Hundred,IUPUI,"Indianapolis, Indiana","November 09, 2019","November 10, 2019",invitationals,2020,Opening coin flip: Heads - Higher # = Better Rank,Round 3 coin flip: Tails - Left Side is Defense
1,1001,Π,-13,1173,Loss,4,1,3,4.5,18.5,73.5,-8,8,Indiana University Purdue University Indianapolis A 6/29/2019,Indiana University Purdue University Indianapolis A 6/29/2019,False,False,False,False,,Jack Vastag Ball State Universit,Attorney,19,∏,,,,,,,,,,,,,,,,,Indy Mock Hundred,IUPUI,"Indianapolis, Indiana","November 09, 2019","November 10, 2019",invitationals,2020,Opening coin flip: Heads - Higher # = Better Rank,Round 3 coin flip: Tails - Left Side is Defense
1,1001,Π,-10,1173,Loss,4,1,3,4.5,18.5,73.5,-8,8,Indiana University Purdue University Indianapolis A 6/29/2019,Indiana University Purdue University Indianapolis A 6/29/2019,False,False,False,False,,Jack Vastag Ball State Universit,Attorney,19,∏,,,,,,,,,,,,,,,,,Indy Mock Hundred,IUPUI,"Indianapolis, Indiana","November 09, 2019","November 10, 2019",invitationals,2020,Opening coin flip: Heads - Higher # = Better Rank,Round 3 coin flip: Tails - Left Side is Defense
2,1440,Δ,9,1173,Win,4,1,3,4.5,18.5,73.5,-8,8,Indiana University Purdue University Indianapolis A 6/29/2019,Indiana University Purdue University Indianapolis A 6/29/2019,False,False,False,False,,Jack Vastag Ball State Universit,Attorney,19,∏,,,,,,,,,,,,,,,,,Indy Mock Hundred,IUPUI,"Indianapolis, Indiana","November 09, 2019","November 10, 2019",invitationals,2020,Opening coin flip: Heads - Higher # = Better Rank,Round 3 coin flip: Tails - Left Side is Defense
2,1440,Δ,1,1173,Win,4,1,3,4.5,18.5,73.5,-8,8,Indiana University Purdue University Indianapolis A 6/29/2019,Indiana University Purdue University Indianapolis A 6/29/2019,False,False,False,False,,Jack Vastag Ball State Universit,Attorney,19,∏,,,,,,,,,,,,,,,,,Indy Mock Hundred,IUPUI,"Indianapolis, Indiana","November 09, 2019","November 10, 2019",invitationals,2020,Opening coin flip: Heads - Higher # = Better Rank,Round 3 coin flip: Tails - Left Side is Defense
3,1275,Π,0,1173,Tie,4,1,3,4.5,18.5,73.5,-8,8,Indiana University Purdue University Indianapolis A 6/29/2019,Indiana University Purdue University Indianapolis A 6/29/2019,False,False,False,False,,Jack Vastag Ball State Universit,Attorney,19,∏,,,,,,,,,,,,,,,,,Indy Mock Hundred,IUPUI,"Indianapolis, Indiana","November 09, 2019","November 10, 2019",invitationals,2020,Opening coin flip: Heads - Higher # = Better Rank,Round 3 coin flip: Tails - Left Side is Defense
3,1275,Π,-7,1173,Loss,4,1,3,4.5,18.5,73.5,-8,8,Indiana University Purdue University Indianapolis A 6/29/2019,Indiana University Purdue University Indianapolis A 6/29/2019,False,False,False,False,,Jack Vastag Ball State Universit,Attorney,19,∏,,,,,,,,,,,,,,,,,Indy Mock Hundred,IUPUI,"Indianapolis, Indiana","November 09, 2019","November 10, 2019",invitationals,2020,Opening coin flip: Heads - Higher # = Better Rank,Round 3 coin flip: Tails - Left Side is Defense
4,1284,Δ,4,1173,Win,4,1,3,4.5,18.5,73.5,-8,8,Indiana University Purdue University Indianapolis A 6/29/2019,Indiana University Purdue University Indianapolis A 6/29/2019,False,False,False,False,,Jack Vastag Ball State Universit,Attorney,19,∏,,,,,,,,,,,,,,,,,Indy Mock Hundred,IUPUI,"Indianapolis, Indiana","November 09, 2019","November 10, 2019",invitationals,2020,Opening coin flip: Heads - Higher # = Better Rank,Round 3 coin flip: Tails - Left Side is Defense
4,1284,Δ,8,1173,Win,4,1,3,4.5,18.5,73.5,-8,8,Indiana University Purdue University Indianapolis A 6/29/2019,Indiana University Purdue University Indianapolis A 6/29/2019,False,False,False,False,,Jack Vastag Ball State Universit,Attorney,19,∏,,,,,,,,,,,,,,,,,Indy Mock Hundred,IUPUI,"Indianapolis, Indiana","November 09, 2019","November 10, 2019",invitationals,2020,Opening coin flip: Heads - Higher # = Better Rank,Round 3 coin flip: Tails - Left Side is Defense
1,1985,Δ,7,1174,Win,2,0,6,2.0,8.0,32.0,-21,20,Indiana University Purdue University Indianapolis B,Indiana University Purdue University Indianapolis B,False,False,False,True,28,Madison Prifogle Purdue University Indianapoli,Witness,17,∆,,,,,,,,,,,,,,,,,Indy Mock Hundred,IUPUI,"Indianapolis, Indiana","November 09, 2019","November 10, 2019",invitationals,2020,Opening coin flip: Heads - Higher # = Better Rank,Round 3 coin flip: Tails - Left Side is Defense
1,1985,Δ,-3,1174,Loss,2,0,6,2.0,8.0,32.0,-21,20,Indiana University Purdue University Indianapolis B,Indiana University Purdue University Indianapolis B,False,False,False,True,28,Madison Prifogle Purdue University Indianapoli,Witness,17,∆,,,,,,,,,,,,,,,,,Indy Mock Hundred,IUPUI,"Indianapolis, Indiana","November 09, 2019","November 10, 2019",invitationals,2020,Opening coin flip: Heads - Higher # = Better Rank,Round 3 coin flip: Tails - Left Side is Defense
2,1129,Π,-4,1174,Loss,2,0,6,2.0,8.0,32.0,-21,20,Indiana University Purdue University Indianapolis B,Indiana University Purdue University Indianapolis B,False,False,False,True,28,Madison Prifogle Purdue University Indianapoli,Witness,17,∆,,,,,,,,,,,,,,,,,Indy Mock Hundred,IUPUI,"Indianapolis, Indiana","November 09, 2019","November 10, 2019",invitationals,2020,Opening coin flip: Heads - Higher # = Better Rank,Round 3 coin flip: Tails - Left Side is Defense
2,1129,Π,-9,1174,Loss,2,0,6,2.0,8.0,32.0,-21,20,Indiana University Purdue University Indianapolis B,Indiana University Purdue University Indianapolis B,False,False,False,True,28,Madison Prifogle Purdue University Indianapoli,Witness,17,∆,,,,,,,,,,,,,,,,,Indy Mock Hundred,IUPUI,"Indianapolis, Indiana","November 09, 2019","November 10, 2019",invitationals,2020,Opening coin flip: Heads - Higher # = Better Rank,Round 3 coin flip: Tails - Left Side is Defense
3,1369,Δ,-12,1174,Loss,2,0,6,2.0,8.0,32.0,-21,20,Indiana University Purdue University Indianapolis B,Indiana University Purdue University Indianapolis B,False,False,False,True,28,Madison Prifogle Purdue University Indianapoli,Witness,17,∆,,,,,,,,,,,,,,,,,Indy Mock Hundred,IUPUI,"Indianapolis, Indiana","November 09, 2019","November 10, 2019",invitationals,2020,Opening coin flip: Heads - Higher # = Better Rank,Round 3 coin flip: Tails - Left Side is Defense
3,1369,Δ,9,1174,Win,2,0,6,2.0,8.0,32.0,-21,20,Indiana University Purdue University Indianapolis B,Indiana University Purdue University Indianapolis B,False,False,False,True,28,Madison Prifogle Purdue University Indianapoli,Witness,17,∆,,,,,,,,,,,,,,,,,Indy Mock Hundred,IUPUI,"Indianapolis, Indiana","November 09, 2019","November 10, 2019",invitationals,2020,Opening coin flip: Heads - Higher # = Better Rank,Round 3 coin flip: Tails - Left Side is Defense
4,1444,Π,-6,1174,Loss,2,0,6,2.0,8.0,32.0,-21,20,Indiana University Purdue University Indianapolis B,Indiana University Purdue University Indianapolis B,False,False,False,True,28,Madison Prifogle Purdue University Indianapoli,Witness,17,∆,,,,,,,,,,,,,,,,,Indy Mock Hundred,IUPUI,"Indianapolis, Indiana","November 09, 2019","November 10, 2019",invitationals,2020,Opening coin flip: Heads - Higher # = Better Rank,Round 3 coin flip: Tails - Left Side is Defense
4,1444,Π,-3,1174,Loss,2,0,6,2.0,8.0,32.0,-21,20,Indiana University Purdue University Indianapolis B,Indiana University Purdue University Indianapolis B,False,False,False,True,28,Madison Prifogle Purdue University Indianapoli,Witness,17,∆,,,,,,,,,,,,,,,,,Indy Mock Hundred,IUPUI,"Indianapolis, Indiana","November 09, 2019","November 10, 2019",invitationals,2020,Opening coin flip: Heads - Higher # = Better Rank,Round 3 coin flip: Tails - Left Side is Defense
1,1356,Π,-14,1221,Loss,3,0,5,3.0,11.0,41.0,-16,6,Xavier University B,Xavier University B,False,False,False,False,,Hannah Jones-Reiser Western Michigan Universit,Witness,17,∏,,,,,,,,,,,,,,,,,Indy Mock Hundred,IUPUI,"Indianapolis, Indiana","November 09, 2019","November 10, 2019",invitationals,2020,Opening coin flip: Heads - Higher # = Better Rank,Round 3 coin flip: Tails - Left Side is Defense
1,1356,Π,-8,1221,Loss,3,0,5,3.0,11.0,41.0,-16,6,Xavier University B,Xavier University B,False,False,False,False,,Hannah Jones-Reiser Western Michigan Universit,Witness,17,∏,,,,,,,,,,,,,,,,,Indy Mock Hundred,IUPUI,"Indianapolis, Indiana","November 09, 2019","November 10, 2019",invitationals,2020,Opening coin flip: Heads - Higher # = Better Rank,Round 3 coin flip: Tails - Left Side is Defense
2,1457,Δ,19,1221,Win,3,0,5,3.0,11.0,41.0,-16,6,Xavier University B,Xavier University B,False,False,False,False,,Hannah Jones-Reiser Western Michigan Universit,Witness,17,∏,,,,,,,,,,,,,,,,,Indy Mock Hundred,IUPUI,"Indianapolis, Indiana","November 09, 2019","November 10, 2019",invitationals,2020,Opening coin flip: Heads - Higher # = Better Rank,Round 3 coin flip: Tails - Left Side is Defense
2,1457,Δ,21,1221,Win,3,0,5,3.0,11.0,41.0,-16,6,Xavier University B,Xavier University B,False,False,False,False,,Hannah Jones-Reiser Western Michigan Universit,Witness,17,∏,,,,,,,,,,,,,,,,,Indy Mock Hundred,IUPUI,"Indianapolis, Indiana","November 09, 2019","November 10, 2019",invitationals,2020,Opening coin flip: Heads - Higher # = Better Rank,Round 3 coin flip: Tails - Left Side is Defense
3,1129,Π,2,1221,Win,3,0,5,3.0,11.0,41.0,-16,6,Xavier University B,Xavier University B,False,False,False,False,,Hannah Jones-Reiser Western Michigan Universit,Witness,17,∏,,,,,,,,,,,,,,,,,Indy Mock Hundred,IUPUI,"Indianapolis, Indiana","November 09, 2019","November 10, 2019",invitationals,2020,Opening coin flip: Heads - Higher # = Better Rank,Round 3 coin flip: Tails - Left Side is Defense
3,1129,Π,-13,1221,Loss,3,0,5,3.0,11.0,41.0,-16,6,Xavier University B,Xavier University B,False,False,False,False,,Hannah Jones-Reiser Western Michigan Universit,Witness,17,∏,,,,,,,,,,,,,,,,,Indy Mock Hundred,IUPUI,"Indianapolis, Indiana","November 09, 2019","November 10, 2019",invitationals,2020,Opening coin flip: Heads - Higher # = Better Rank,Round 3 coin flip: Tails - Left Side is Defense
4,1002,Δ,-7,1221,Loss,3,0,5,3.0,11.0,41.0,-16,6,Xavier University B,Xavier University B,False,False,False,False,,Hannah Jones-Reiser Western Michigan Universit,Witness,17,∏,,,,,,,,,,,,,,,,,Indy Mock Hundred,IUPUI,"Indianapolis, Indiana","November 09, 2019","November 10, 2019",invitationals,2020,Opening coin flip: Heads - Higher # = Better Rank,Round 3 coin flip: Tails - Left Side is Defense
4,1002,Δ,-16,1221,Loss,3,0,5,3.0,11.0,41.0,-16,6,Xavier University B,Xavier University B,False,False,False,False,,Hannah Jones-Reiser Western Michigan Universit,Witness,17,∏,,,,,,,,,,,,,,,,,Indy Mock Hundred,IUPUI,"Indianapolis, Indiana","November 09, 2019","November 10, 2019",invitationals,2020,Opening coin flip: Heads - Higher # = Better Rank,Round 3 coin flip: Tails - Left Side is Defense
1,1059,Δ,6,1275,Win,4,1,3,4.5,13.0,51.0,28,5,University of Chicago A 8/15/2019,University of Chicago A 8/15/2019,False,False,False,False,,Garrett Creedon Miami Universit,Witness,17,∆,Nancy Russell University of Dayto,Witness,17,∏,Ethan Hsi. University of Chicag,Attorney,18,∆,Jacob Contreras Trinity Christian Colleg,Attorney,17,∏,Jacob Contreras Trinity Christian Colleg,Attorney,17,∆,Indy Mock Hundred,IUPUI,"Indianapolis, Indiana","November 09, 2019","November 10, 2019",invitationals,2020,Opening coin flip: Heads - Higher # = Better Rank,Round 3 coin flip: Tails - Left Side is Defense
1,1059,Δ,-4,1275,Loss,4,1,3,4.5,13.0,51.0,28,5,University of Chicago A 8/15/2019,University of Chicago A 8/15/2019,False,False,False,False,,Garrett Creedon Miami Universit,Witness,17,∆,Nancy Russell University of Dayto,Witness,17,∏,Ethan Hsi. University of Chicag,Attorney,18,∆,Jacob Contreras Trinity Christian Colleg,Attorney,17,∏,Jacob Contreras Trinity Christian Colleg,Attorney,17,∆,Indy Mock Hundred,IUPUI,"Indianapolis, Indiana","November 09, 2019","November 10, 2019",invitationals,2020,Opening coin flip: Heads - Higher # = Better Rank,Round 3 coin flip: Tails - Left Side is Defense
2,1002,Π,-8,1275,Loss,4,1,3,4.5,13.0,51.0,28,5,University of Chicago A 8/15/2019,University of Chicago A 8/15/2019,False,False,False,False,,Garrett Creedon Miami Universit,Witness,17,∆,Nancy Russell University of Dayto,Witness,17,∏,Ethan Hsi. University of Chicag,Attorney,18,∆,Jacob Contreras Trinity Christian Colleg,Attorney,17,∏,Jacob Contreras Trinity Christian Colleg,Attorney,17,∆,Indy Mock Hundred,IUPUI,"Indianapolis, Indiana","November 09, 2019","November 10, 2019",invitationals,2020,Opening coin flip: Heads - Higher # = Better Rank,Round 3 coin flip: Tails - Left Side is Defense
2,1002,Π,19,1275,Win,4,1,3,4.5,13.0,51.0,28,5,University of Chicago A 8/15/2019,University of Chicago A 8/15/2019,False,False,False,False,,Garrett Creedon Miami Universit,Witness,17,∆,Nancy Russell University of Dayto,Witness,17,∏,Ethan Hsi. University of Chicag,Attorney,18,∆,Jacob Contreras Trinity Christian Colleg,Attorney,17,∏,Jacob Contreras Trinity Christian Colleg,Attorney,17,∆,Indy Mock Hundred,IUPUI,"Indianapolis, Indiana","November 09, 2019","November 10, 2019",invitationals,2020,Opening coin flip: Heads - Higher # = Better Rank,Round 3 coin flip: Tails - Left Side is Defense
3,1173,Δ,0,1275,Tie,4,1,3,4.5,13.0,51.0,28,5,University of Chicago A 8/15/2019,University of Chicago A 8/15/2019,False,False,False,False,,Garrett Creedon Miami Universit,Witness,17,∆,Nancy Russell University of Dayto,Witness,17,∏,Ethan Hsi. University of Chicag,Attorney,18,∆,Jacob Contreras Trinity Christian Colleg,Attorney,17,∏,Jacob Contreras Trinity Christian Colleg,Attorney,17,∆,Indy Mock Hundred,IUPUI,"Indianapolis, Indiana","November 09, 2019","November 10, 2019",invitationals,2020,Opening coin flip: Heads - Higher # = Better Rank,Round 3 coin flip: Tails - Left Side is Defense
3,1173,Δ,7,1275,Win,4,1,3,4.5,13.0,51.0,28,5,University of Chicago A 8/15/2019,University of Chicago A 8/15/2019,False,False,False,False,,Garrett Creedon Miami Universit,Witness,17,∆,Nancy Russell University of Dayto,Witness,17,∏,Ethan Hsi. University of Chicag,Attorney,18,∆,Jacob Contreras Trinity Christian Colleg,Attorney,17,∏,Jacob Contreras Trinity Christian Colleg,Attorney,17,∆,Indy Mock Hundred,IUPUI,"Indianapolis, Indiana","November 09, 2019","November 10, 2019",invitationals,2020,Opening coin flip: Heads - Higher # = Better Rank,Round 3 coin flip: Tails - Left Side is Defense
4,1985,Π,-1,1275,Loss,4,1,3,4.5,13.0,51.0,28,5,University of Chicago A 8/15/2019,University of Chicago A 8/15/2019,False,False,False,False,,Garrett Creedon Miami Universit,Witness,17,∆,Nancy Russell University of Dayto,Witness,17,∏,Ethan Hsi. University of Chicag,Attorney,18,∆,Jacob Contreras Trinity Christian Colleg,Attorney,17,∏,Jacob Contreras Trinity Christian Colleg,Attorney,17,∆,Indy Mock Hundred,IUPUI,"Indianapolis, Indiana","November 09, 2019","November 10, 2019",invitationals,2020,Opening coin flip: Heads - Higher # = Better Rank,Round 3 coin flip: Tails - Left Side is Defense
4,1985,Π,9,1275,Win,4,1,3,4.5,13.0,51.0,28,5,University of Chicago A 8/15/2019,University of Chicago A 8/15/2019,False,False,False,False,,Garrett Creedon Miami Universit,Witness,17,∆,Nancy Russell University of Dayto,Witness,17,∏,Ethan Hsi. University of Chicag,Attorney,18,∆,Jacob Contreras Trinity Christian Colleg,Attorney,17,∏,Jacob Contreras Trinity Christian Colleg,Attorney,17,∆,Indy Mock Hundred,IUPUI,"Indianapolis, Indiana","November 09, 2019","November 10, 2019",invitationals,2020,Opening coin flip: Heads - Higher # = Better Rank,Round 3 coin flip: Tails - Left Side is Defense
1,1002,Δ,7,1276,Win,7,0,1,7.0,18.0,62.0,26,9,University of Chicago B,University of Chicago B,False,False,False,False,,Domenic Sciortino Purdue Universit,Witness,18,∏,Domenic Sciortino Purdue Universit,Witness,18,∆,,,,,,,,,,,,,Indy Mock Hundred,IUPUI,"Indianapolis, Indiana","November 09, 2019","November 10, 2019",invitationals,2020,Opening coin flip: Heads - Higher # = Better Rank,Round 3 coin flip: Tails - Left Side is Defense
1,1002,Δ,10,1276,Win,7,0,1,7.0,18.0,62.0,26,9,University of Chicago B,University of Chicago B,False,False,False,False,,Domenic Sciortino Purdue Universit,Witness,18,∏,Domenic Sciortino Purdue Universit,Witness,18,∆,,,,,,,,,,,,,Indy Mock Hundred,IUPUI,"Indianapolis, Indiana","November 09, 2019","November 10, 2019",invitationals,2020,Opening coin flip: Heads - Higher # = Better Rank,Round 3 coin flip: Tails - Left Side is Defense
2,1059,Π,3,1276,Win,7,0,1,7.0,18.0,62.0,26,9,University of Chicago B,University of Chicago B,False,False,False,False,,Domenic Sciortino Purdue Universit,Witness,18,∏,Domenic Sciortino Purdue Universit,Witness,18,∆,,,,,,,,,,,,,Indy Mock Hundred,IUPUI,"Indianapolis, Indiana","November 09, 2019","November 10, 2019",invitationals,2020,Opening coin flip: Heads - Higher # = Better Rank,Round 3 coin flip: Tails - Left Side is Defense
2,1059,Π,3,1276,Win,7,0,1,7.0,18.0,62.0,26,9,University of Chicago B,University of Chicago B,False,False,False,False,,Domenic Sciortino Purdue Universit,Witness,18,∏,Domenic Sciortino Purdue Universit,Witness,18,∆,,,,,,,,,,,,,Indy Mock Hundred,IUPUI,"Indianapolis, Indiana","November 09, 2019","November 10, 2019",invitationals,2020,Opening coin flip: Heads - Higher # = Better Rank,Round 3 coin flip: Tails - Left Side is Defense
3,1001,Δ,7,1276,Win,7,0,1,7.0,18.0,62.0,26,9,University of Chicago B,University of Chicago B,False,False,False,False,,Domenic Sciortino Purdue Universit,Witness,18,∏,Domenic Sciortino Purdue Universit,Witness,18,∆,,,,,,,,,,,,,Indy Mock Hundred,IUPUI,"Indianapolis, Indiana","November 09, 2019","November 10, 2019",invitationals,2020,Opening coin flip: Heads - Higher # = Better Rank,Round 3 coin flip: Tails - Left Side is Defense
3,1001,Δ,2,1276,Win,7,0,1,7.0,18.0,62.0,26,9,University of Chicago B,University of Chicago B,False,False,False,False,,Domenic Sciortino Purdue Universit,Witness,18,∏,Domenic Sciortino Purdue Universit,Witness,18,∆,,,,,,,,,,,,,Indy Mock Hundred,IUPUI,"Indianapolis, Indiana","November 09, 2019","November 10, 2019",invitationals,2020,Opening coin flip: Heads - Higher # = Better Rank,Round 3 coin flip: Tails - Left Side is Defense
4,1283,Π,-9,1276,Loss,7,0,1,7.0,18.0,62.0,26,9,University of Chicago B,University of Chicago B,False,False,False,False,,Domenic Sciortino Purdue Universit,Witness,18,∏,Domenic Sciortino Purdue Universit,Witness,18,∆,,,,,,,,,,,,,Indy Mock Hundred,IUPUI,"Indianapolis, Indiana","November 09, 2019","November 10, 2019",invitationals,2020,Opening coin flip: Heads - Higher # = Better Rank,Round 3 coin flip: Tails - Left Side is Defense
4,1283,Π,3,1276,Win,7,0,1,7.0,18.0,62.0,26,9,University of Chicago B,University of Chicago B,False,False,False,False,,Domenic Sciortino Purdue Universit,Witness,18,∏,Domenic Sciortino Purdue Universit,Witness,18,∆,,,,,,,,,,,,,Indy Mock Hundred,IUPUI,"Indianapolis, Indiana","November 09, 2019","November 10, 2019",invitationals,2020,Opening coin flip: Heads - Higher # = Better Rank,Round 3 coin flip: Tails - Left Side is Defense
1,1355,Δ,11,1283,Win,7,0,1,7.0,21.0,72.0,83,1,Eastern Michigan University A 8/15/2019,Eastern Michigan University A 8/15/2019,False,False,False,False,,Umang Joshi Xavier Universit,Witness,18,∏,Ali Al-Ekri University of Chicag,Witness,16,∆,,,,,,,,,,,,,Indy Mock Hundred,IUPUI,"Indianapolis, Indiana","November 09, 2019","November 10, 2019",invitationals,2020,Opening coin flip: Heads - Higher # = Better Rank,Round 3 coin flip: Tails - Left Side is Defense
1,1355,Δ,22,1283,Win,7,0,1,7.0,21.0,72.0,83,1,Eastern Michigan University A 8/15/2019,Eastern Michigan University A 8/15/2019,False,False,False,False,,Umang Joshi Xavier Universit,Witness,18,∏,Ali Al-Ekri University of Chicag,Witness,16,∆,,,,,,,,,,,,,Indy Mock Hundred,IUPUI,"Indianapolis, Indiana","November 09, 2019","November 10, 2019",invitationals,2020,Opening coin flip: Heads - Higher # = Better Rank,Round 3 coin flip: Tails - Left Side is Defense
2,1392,Π,22,1283,Win,7,0,1,7.0,21.0,72.0,83,1,Eastern Michigan University A 8/15/2019,Eastern Michigan University A 8/15/2019,False,False,False,False,,Umang Joshi Xavier Universit,Witness,18,∏,Ali Al-Ekri University of Chicag,Witness,16,∆,,,,,,,,,,,,,Indy Mock Hundred,IUPUI,"Indianapolis, Indiana","November 09, 2019","November 10, 2019",invitationals,2020,Opening coin flip: Heads - Higher # = Better Rank,Round 3 coin flip: Tails - Left Side is Defense
2,1392,Π,3,1283,Win,7,0,1,7.0,21.0,72.0,83,1,Eastern Michigan University A 8/15/2019,Eastern Michigan University A 8/15/2019,False,False,False,False,,Umang Joshi Xavier Universit,Witness,18,∏,Ali Al-Ekri University of Chicag,Witness,16,∆,,,,,,,,,,,,,Indy Mock Hundred,IUPUI,"Indianapolis, Indiana","November 09, 2019","November 10, 2019",invitationals,2020,Opening coin flip: Heads - Higher # = Better Rank,Round 3 coin flip: Tails - Left Side is Defense
3,1364,Π,10,1283,Win,7,0,1,7.0,21.0,72.0,83,1,Eastern Michigan University A 8/15/2019,Eastern Michigan University A 8/15/2019,False,False,False,False,,Umang Joshi Xavier Universit,Witness,18,∏,Ali Al-Ekri University of Chicag,Witness,16,∆,,,,,,,,,,,,,Indy Mock Hundred,IUPUI,"Indianapolis, Indiana","November 09, 2019","November 10, 2019",invitationals,2020,Opening coin flip: Heads - Higher # = Better Rank,Round 3 coin flip: Tails - Left Side is Defense
3,1364,Π,9,1283,Win,7,0,1,7.0,21.0,72.0,83,1,Eastern Michigan University A 8/15/2019,Eastern Michigan University A 8/15/2019,False,False,False,False,,Umang Joshi Xavier Universit,Witness,18,∏,Ali Al-Ekri University of Chicag,Witness,16,∆,,,,,,,,,,,,,Indy Mock Hundred,IUPUI,"Indianapolis, Indiana","November 09, 2019","November 10, 2019",invitationals,2020,Opening coin flip: Heads - Higher # = Better Rank,Round 3 coin flip: Tails - Left Side is Defense
4,1276,Δ,9,1283,Win,7,0,1,7.0,21.0,72.0,83,1,Eastern Michigan University A 8/15/2019,Eastern Michigan University A 8/15/2019,False,False,False,False,,Umang Joshi Xavier Universit,Witness,18,∏,Ali Al-Ekri University of Chicag,Witness,16,∆,,,,,,,,,,,,,Indy Mock Hundred,IUPUI,"Indianapolis, Indiana","November 09, 2019","November 10, 2019",invitationals,2020,Opening coin flip: Heads - Higher # = Better Rank,Round 3 coin flip: Tails - Left Side is Defense
4,1276,Δ,-3,1283,Loss,7,0,1,7.0,21.0,72.0,83,1,Eastern Michigan University A 8/15/2019,Eastern Michigan University A 8/15/2019,False,False,False,False,,Umang Joshi Xavier Universit,Witness,18,∏,Ali Al-Ekri University of Chicag,Witness,16,∆,,,,,,,,,,,,,Indy Mock Hundred,IUPUI,"Indianapolis, Indiana","November 09, 2019","November 10, 2019",invitationals,2020,Opening coin flip: Heads - Higher # = Better Rank,Round 3 coin flip: Tails - Left Side is Defense
1,1528,Π,5,1284,Win,3,0,5,3.0,17.0,68.0,-12,7,Eastern Michigan University B,Eastern Michigan University B,False,False,False,False,,,,,,,,,,,,,,,,,,,,,,Indy Mock Hundred,IUPUI,"Indianapolis, Indiana","November 09, 2019","November 10, 2019",invitationals,2020,Opening coin flip: Heads - Higher # = Better Rank,Round 3 coin flip: Tails - Left Side is Defense
1,1528,Π,4,1284,Win,3,0,5,3.0,17.0,68.0,-12,7,Eastern Michigan University B,Eastern Michigan University B,False,False,False,False,,,,,,,,,,,,,,,,,,,,,,Indy Mock Hundred,IUPUI,"Indianapolis, Indiana","November 09, 2019","November 10, 2019",invitationals,2020,Opening coin flip: Heads - Higher # = Better Rank,Round 3 coin flip: Tails - Left Side is Defense
2,1364,Δ,-11,1284,Loss,3,0,5,3.0,17.0,68.0,-12,7,Eastern Michigan University B,Eastern Michigan University B,False,False,False,False,,,,,,,,,,,,,,,,,,,,,,Indy Mock Hundred,IUPUI,"Indianapolis, Indiana","November 09, 2019","November 10, 2019",invitationals,2020,Opening coin flip: Heads - Higher # = Better Rank,Round 3 coin flip: Tails - Left Side is Defense
2,1364,Δ,-5,1284,Loss,3,0,5,3.0,17.0,68.0,-12,7,Eastern Michigan University B,Eastern Michigan University B,False,False,False,False,,,,,,,,,,,,,,,,,,,,,,Indy Mock Hundred,IUPUI,"Indianapolis, Indiana","November 09, 2019","November 10, 2019",invitationals,2020,Opening coin flip: Heads - Higher # = Better Rank,Round 3 coin flip: Tails - Left Side is Defense
3,1392,Δ,-7,1284,Loss,3,0,5,3.0,17.0,68.0,-12,7,Eastern Michigan University B,Eastern Michigan University B,False,False,False,False,,,,,,,,,,,,,,,,,,,,,,Indy Mock Hundred,IUPUI,"Indianapolis, Indiana","November 09, 2019","November 10, 2019",invitationals,2020,Opening coin flip: Heads - Higher # = Better Rank,Round 3 coin flip: Tails - Left Side is Defense
3,1392,Δ,14,1284,Win,3,0,5,3.0,17.0,68.0,-12,7,Eastern Michigan University B,Eastern Michigan University B,False,False,False,False,,,,,,,,,,,,,,,,,,,,,,Indy Mock Hundred,IUPUI,"Indianapolis, Indiana","November 09, 2019","November 10, 2019",invitationals,2020,Opening coin flip: Heads - Higher # = Better Rank,Round 3 coin flip: Tails - Left Side is Defense
4,1173,Π,-4,1284,Loss,3,0,5,3.0,17.0,68.0,-12,7,Eastern Michigan University B,Eastern Michigan University B,False,False,False,False,,,,,,,,,,,,,,,,,,,,,,Indy Mock Hundred,IUPUI,"Indianapolis, Indiana","November 09, 2019","November 10, 2019",invitationals,2020,Opening coin flip: Heads - Higher # = Better Rank,Round 3 coin flip: Tails - Left Side is Defense
4,1173,Π,-8,1284,Loss,3,0,5,3.0,17.0,68.0,-12,7,Eastern Michigan University B,Eastern Michigan University B,False,False,False,False,,,,,,,,,,,,,,,,,,,,,,Indy Mock Hundred,IUPUI,"Indianapolis, Indiana","November 09, 2019","November 10, 2019",invitationals,2020,Opening coin flip: Heads - Higher # = Better Rank,Round 3 coin flip: Tails - Left Side is Defense
1,1283,Π,-11,1355,Loss,1,0,7,1.0,16.0,60.0,-51,3,University of Kentucky A 8/27/2019,University of Kentucky A 8/27/2019,False,False,False,False,,,,,,,,,,,,,,,,,,,,,,Indy Mock Hundred,IUPUI,"Indianapolis, Indiana","November 09, 2019","November 10, 2019",invitationals,2020,Opening coin flip: Heads - Higher # = Better Rank,Round 3 coin flip: Tails - Left Side is Defense
1,1283,Π,-22,1355,Loss,1,0,7,1.0,16.0,60.0,-51,3,University of Kentucky A 8/27/2019,University of Kentucky A 8/27/2019,False,False,False,False,,,,,,,,,,,,,,,,,,,,,,Indy Mock Hundred,IUPUI,"Indianapolis, Indiana","November 09, 2019","November 10, 2019",invitationals,2020,Opening coin flip: Heads - Higher # = Better Rank,Round 3 coin flip: Tails - Left Side is Defense
2,1528,Δ,-1,1355,Loss,1,0,7,1.0,16.0,60.0,-51,3,University of Kentucky A 8/27/2019,University of Kentucky A 8/27/2019,False,False,False,False,,,,,,,,,,,,,,,,,,,,,,Indy Mock Hundred,IUPUI,"Indianapolis, Indiana","November 09, 2019","November 10, 2019",invitationals,2020,Opening coin flip: Heads - Higher # = Better Rank,Round 3 coin flip: Tails - Left Side is Defense
2,1528,Δ,-8,1355,Loss,1,0,7,1.0,16.0,60.0,-51,3,University of Kentucky A 8/27/2019,University of Kentucky A 8/27/2019,False,False,False,False,,,,,,,,,,,,,,,,,,,,,,Indy Mock Hundred,IUPUI,"Indianapolis, Indiana","November 09, 2019","November 10, 2019",invitationals,2020,Opening coin flip: Heads - Higher # = Better Rank,Round 3 coin flip: Tails - Left Side is Defense
3,1444,Δ,-6,1355,Loss,1,0,7,1.0,16.0,60.0,-51,3,University of Kentucky A 8/27/2019,University of Kentucky A 8/27/2019,False,False,False,False,,,,,,,,,,,,,,,,,,,,,,Indy Mock Hundred,IUPUI,"Indianapolis, Indiana","November 09, 2019","November 10, 2019",invitationals,2020,Opening coin flip: Heads - Higher # = Better Rank,Round 3 coin flip: Tails - Left Side is Defense
3,1444,Δ,-5,1355,Loss,1,0,7,1.0,16.0,60.0,-51,3,University of Kentucky A 8/27/2019,University of Kentucky A 8/27/2019,False,False,False,False,,,,,,,,,,,,,,,,,,,,,,Indy Mock Hundred,IUPUI,"Indianapolis, Indiana","November 09, 2019","November 10, 2019",invitationals,2020,Opening coin flip: Heads - Higher # = Better Rank,Round 3 coin flip: Tails - Left Side is Defense
4,1569,Π,-5,1355,Loss,1,0,7,1.0,16.0,60.0,-51,3,University of Kentucky A 8/27/2019,University of Kentucky A 8/27/2019,False,False,False,False,,,,,,,,,,,,,,,,,,,,,,Indy Mock Hundred,IUPUI,"Indianapolis, Indiana","November 09, 2019","November 10, 2019",invitationals,2020,Opening coin flip: Heads - Higher # = Better Rank,Round 3 coin flip: Tails - Left Side is Defense
4,1569,Π,7,1355,Win,1,0,7,1.0,16.0,60.0,-51,3,University of Kentucky A 8/27/2019,University of Kentucky A 8/27/2019,False,False,False,False,,,,,,,,,,,,,,,,,,,,,,Indy Mock Hundred,IUPUI,"Indianapolis, Indiana","November 09, 2019","November 10, 2019",invitationals,2020,Opening coin flip: Heads - Higher # = Better Rank,Round 3 coin flip: Tails - Left Side is Defense
1,1221,Δ,14,1356,Win,6,0,2,6.0,16.0,66.0,45,16,University of Kentucky B,University of Kentucky B,False,False,False,False,,Kendall Carnes Ball State Universit,Attorney,18,∆,,,,,,,,,,,,,,,,,Indy Mock Hundred,IUPUI,"Indianapolis, Indiana","November 09, 2019","November 10, 2019",invitationals,2020,Opening coin flip: Heads - Higher # = Better Rank,Round 3 coin flip: Tails - Left Side is Defense
1,1221,Δ,8,1356,Win,6,0,2,6.0,16.0,66.0,45,16,University of Kentucky B,University of Kentucky B,False,False,False,False,,Kendall Carnes Ball State Universit,Attorney,18,∆,,,,,,,,,,,,,,,,,Indy Mock Hundred,IUPUI,"Indianapolis, Indiana","November 09, 2019","November 10, 2019",invitationals,2020,Opening coin flip: Heads - Higher # = Better Rank,Round 3 coin flip: Tails - Left Side is Defense
2,1569,Π,6,1356,Win,6,0,2,6.0,16.0,66.0,45,16,University of Kentucky B,University of Kentucky B,False,False,False,False,,Kendall Carnes Ball State Universit,Attorney,18,∆,,,,,,,,,,,,,,,,,Indy Mock Hundred,IUPUI,"Indianapolis, Indiana","November 09, 2019","November 10, 2019",invitationals,2020,Opening coin flip: Heads - Higher # = Better Rank,Round 3 coin flip: Tails - Left Side is Defense
2,1569,Π,12,1356,Win,6,0,2,6.0,16.0,66.0,45,16,University of Kentucky B,University of Kentucky B,False,False,False,False,,Kendall Carnes Ball State Universit,Attorney,18,∆,,,,,,,,,,,,,,,,,Indy Mock Hundred,IUPUI,"Indianapolis, Indiana","November 09, 2019","November 10, 2019",invitationals,2020,Opening coin flip: Heads - Higher # = Better Rank,Round 3 coin flip: Tails - Left Side is Defense
3,1368,Π,7,1356,Win,6,0,2,6.0,16.0,66.0,45,16,University of Kentucky B,University of Kentucky B,False,False,False,False,,Kendall Carnes Ball State Universit,Attorney,18,∆,,,,,,,,,,,,,,,,,Indy Mock Hundred,IUPUI,"Indianapolis, Indiana","November 09, 2019","November 10, 2019",invitationals,2020,Opening coin flip: Heads - Higher # = Better Rank,Round 3 coin flip: Tails - Left Side is Defense
3,1368,Π,-1,1356,Loss,6,0,2,6.0,16.0,66.0,45,16,University of Kentucky B,University of Kentucky B,False,False,False,False,,Kendall Carnes Ball State Universit,Attorney,18,∆,,,,,,,,,,,,,,,,,Indy Mock Hundred,IUPUI,"Indianapolis, Indiana","November 09, 2019","November 10, 2019",invitationals,2020,Opening coin flip: Heads - Higher # = Better Rank,Round 3 coin flip: Tails - Left Side is Defense
4,1391,Π,-2,1356,Loss,6,0,2,6.0,16.0,66.0,45,16,University of Kentucky B,University of Kentucky B,False,False,False,False,,Kendall Carnes Ball State Universit,Attorney,18,∆,,,,,,,,,,,,,,,,,Indy Mock Hundred,IUPUI,"Indianapolis, Indiana","November 09, 2019","November 10, 2019",invitationals,2020,Opening coin flip: Heads - Higher # = Better Rank,Round 3 coin flip: Tails - Left Side is Defense
4,1391,Π,1,1356,Win,6,0,2,6.0,16.0,66.0,45,16,University of Kentucky B,University of Kentucky B,False,False,False,False,,Kendall Carnes Ball State Universit,Attorney,18,∆,,,,,,,,,,,,,,,,,Indy Mock Hundred,IUPUI,"Indianapolis, Indiana","November 09, 2019","November 10, 2019",invitationals,2020,Opening coin flip: Heads - Higher # = Better Rank,Round 3 coin flip: Tails - Left Side is Defense
1,1444,Δ,15,1364,Win,5,0,3,5.0,16.5,58.5,40,2,Western Kentucky University A 8/29/2019,Western Kentucky University A 8/29/2019,False,False,False,False,,Jillian Jones Eastern Michigan Universit,Witness,18,∆,Jacob McAndrews Western Kentucky Universit,Attorney,17,∏,,,,,,,,,,,,,Indy Mock Hundred,IUPUI,"Indianapolis, Indiana","November 09, 2019","November 10, 2019",invitationals,2020,Opening coin flip: Heads - Higher # = Better Rank,Round 3 coin flip: Tails - Left Side is Defense
1,1444,Δ,25,1364,Win,5,0,3,5.0,16.5,58.5,40,2,Western Kentucky University A 8/29/2019,Western Kentucky University A 8/29/2019,False,False,False,False,,Jillian Jones Eastern Michigan Universit,Witness,18,∆,Jacob McAndrews Western Kentucky Universit,Attorney,17,∏,,,,,,,,,,,,,Indy Mock Hundred,IUPUI,"Indianapolis, Indiana","November 09, 2019","November 10, 2019",invitationals,2020,Opening coin flip: Heads - Higher # = Better Rank,Round 3 coin flip: Tails - Left Side is Defense
2,1284,Π,11,1364,Win,5,0,3,5.0,16.5,58.5,40,2,Western Kentucky University A 8/29/2019,Western Kentucky University A 8/29/2019,False,False,False,False,,Jillian Jones Eastern Michigan Universit,Witness,18,∆,Jacob McAndrews Western Kentucky Universit,Attorney,17,∏,,,,,,,,,,,,,Indy Mock Hundred,IUPUI,"Indianapolis, Indiana","November 09, 2019","November 10, 2019",invitationals,2020,Opening coin flip: Heads - Higher # = Better Rank,Round 3 coin flip: Tails - Left Side is Defense
2,1284,Π,5,1364,Win,5,0,3,5.0,16.5,58.5,40,2,Western Kentucky University A 8/29/2019,Western Kentucky University A 8/29/2019,False,False,False,False,,Jillian Jones Eastern Michigan Universit,Witness,18,∆,Jacob McAndrews Western Kentucky Universit,Attorney,17,∏,,,,,,,,,,,,,Indy Mock Hundred,IUPUI,"Indianapolis, Indiana","November 09, 2019","November 10, 2019",invitationals,2020,Opening coin flip: Heads - Higher # = Better Rank,Round 3 coin flip: Tails - Left Side is Defense
3,1283,Δ,-10,1364,Loss,5,0,3,5.0,16.5,58.5,40,2,Western Kentucky University A 8/29/2019,Western Kentucky University A 8/29/2019,False,False,False,False,,Jillian Jones Eastern Michigan Universit,Witness,18,∆,Jacob McAndrews Western Kentucky Universit,Attorney,17,∏,,,,,,,,,,,,,Indy Mock Hundred,IUPUI,"Indianapolis, Indiana","November 09, 2019","November 10, 2019",invitationals,2020,Opening coin flip: Heads - Higher # = Better Rank,Round 3 coin flip: Tails - Left Side is Defense
3,1283,Δ,-9,1364,Loss,5,0,3,5.0,16.5,58.5,40,2,Western Kentucky University A 8/29/2019,Western Kentucky University A 8/29/2019,False,False,False,False,,Jillian Jones Eastern Michigan Universit,Witness,18,∆,Jacob McAndrews Western Kentucky Universit,Attorney,17,∏,,,,,,,,,,,,,Indy Mock Hundred,IUPUI,"Indianapolis, Indiana","November 09, 2019","November 10, 2019",invitationals,2020,Opening coin flip: Heads - Higher # = Better Rank,Round 3 coin flip: Tails - Left Side is Defense
4,1368,Π,-4,1364,Loss,5,0,3,5.0,16.5,58.5,40,2,Western Kentucky University A 8/29/2019,Western Kentucky University A 8/29/2019,False,False,False,False,,Jillian Jones Eastern Michigan Universit,Witness,18,∆,Jacob McAndrews Western Kentucky Universit,Attorney,17,∏,,,,,,,,,,,,,Indy Mock Hundred,IUPUI,"Indianapolis, Indiana","November 09, 2019","November 10, 2019",invitationals,2020,Opening coin flip: Heads - Higher # = Better Rank,Round 3 coin flip: Tails - Left Side is Defense
4,1368,Π,7,1364,Win,5,0,3,5.0,16.5,58.5,40,2,Western Kentucky University A 8/29/2019,Western Kentucky University A 8/29/2019,False,False,False,False,,Jillian Jones Eastern Michigan Universit,Witness,18,∆,Jacob McAndrews Western Kentucky Universit,Attorney,17,∏,,,,,,,,,,,,,Indy Mock Hundred,IUPUI,"Indianapolis, Indiana","November 09, 2019","November 10, 2019",invitationals,2020,Opening coin flip: Heads - Higher # = Better Rank,Round 3 coin flip: Tails - Left Side is Defense
1,1129,Δ,6,1368,Win,6,0,2,6.0,14.0,48.0,31,19,Purdue University A 8/30/2019,Purdue University A 8/30/2019,False,False,False,False,,Zachary Walker University of Central Missour,Witness,16,∆,Garland Ellis University of Kentuck,Attorney,18,∏,,,,,,,,,,,,,Indy Mock Hundred,IUPUI,"Indianapolis, Indiana","November 09, 2019","November 10, 2019",invitationals,2020,Opening coin flip: Heads - Higher # = Better Rank,Round 3 coin flip: Tails - Left Side is Defense
1,1129,Δ,4,1368,Win,6,0,2,6.0,14.0,48.0,31,19,Purdue University A 8/30/2019,Purdue University A 8/30/2019,False,False,False,False,,Zachary Walker University of Central Missour,Witness,16,∆,Garland Ellis University of Kentuck,Attorney,18,∏,,,,,,,,,,,,,Indy Mock Hundred,IUPUI,"Indianapolis, Indiana","November 09, 2019","November 10, 2019",invitationals,2020,Opening coin flip: Heads - Higher # = Better Rank,Round 3 coin flip: Tails - Left Side is Defense
2,1985,Π,8,1368,Win,6,0,2,6.0,14.0,48.0,31,19,Purdue University A 8/30/2019,Purdue University A 8/30/2019,False,False,False,False,,Zachary Walker University of Central Missour,Witness,16,∆,Garland Ellis University of Kentuck,Attorney,18,∏,,,,,,,,,,,,,Indy Mock Hundred,IUPUI,"Indianapolis, Indiana","November 09, 2019","November 10, 2019",invitationals,2020,Opening coin flip: Heads - Higher # = Better Rank,Round 3 coin flip: Tails - Left Side is Defense
2,1985,Π,22,1368,Win,6,0,2,6.0,14.0,48.0,31,19,Purdue University A 8/30/2019,Purdue University A 8/30/2019,False,False,False,False,,Zachary Walker University of Central Missour,Witness,16,∆,Garland Ellis University of Kentuck,Attorney,18,∏,,,,,,,,,,,,,Indy Mock Hundred,IUPUI,"Indianapolis, Indiana","November 09, 2019","November 10, 2019",invitationals,2020,Opening coin flip: Heads - Higher # = Better Rank,Round 3 coin flip: Tails - Left Side is Defense
3,1356,Δ,-7,1368,Loss,6,0,2,6.0,14.0,48.0,31,19,Purdue University A 8/30/2019,Purdue University A 8/30/2019,False,False,False,False,,Zachary Walker University of Central Missour,Witness,16,∆,Garland Ellis University of Kentuck,Attorney,18,∏,,,,,,,,,,,,,Indy Mock Hundred,IUPUI,"Indianapolis, Indiana","November 09, 2019","November 10, 2019",invitationals,2020,Opening coin flip: Heads - Higher # = Better Rank,Round 3 coin flip: Tails - Left Side is Defense
3,1356,Δ,1,1368,Win,6,0,2,6.0,14.0,48.0,31,19,Purdue University A 8/30/2019,Purdue University A 8/30/2019,False,False,False,False,,Zachary Walker University of Central Missour,Witness,16,∆,Garland Ellis University of Kentuck,Attorney,18,∏,,,,,,,,,,,,,Indy Mock Hundred,IUPUI,"Indianapolis, Indiana","November 09, 2019","November 10, 2019",invitationals,2020,Opening coin flip: Heads - Higher # = Better Rank,Round 3 coin flip: Tails - Left Side is Defense
4,1364,Δ,4,1368,Win,6,0,2,6.0,14.0,48.0,31,19,Purdue University A 8/30/2019,Purdue University A 8/30/2019,False,False,False,False,,Zachary Walker University of Central Missour,Witness,16,∆,Garland Ellis University of Kentuck,Attorney,18,∏,,,,,,,,,,,,,Indy Mock Hundred,IUPUI,"Indianapolis, Indiana","November 09, 2019","November 10, 2019",invitationals,2020,Opening coin flip: Heads - Higher # = Better Rank,Round 3 coin flip: Tails - Left Side is Defense
4,1364,Δ,-7,1368,Loss,6,0,2,6.0,14.0,48.0,31,19,Purdue University A 8/30/2019,Purdue University A 8/30/2019,False,False,False,False,,Zachary Walker University of Central Missour,Witness,16,∆,Garland Ellis University of Kentuck,Attorney,18,∏,,,,,,,,,,,,,Indy Mock Hundred,IUPUI,"Indianapolis, Indiana","November 09, 2019","November 10, 2019",invitationals,2020,Opening coin flip: Heads - Higher # = Better Rank,Round 3 coin flip: Tails - Left Side is Defense
1,1392,Δ,-5,1369,Loss,2,1,5,2.5,11.0,53.0,-39,24,St. Ambrose University A 8/30/2019,St. Ambrose University A 8/30/2019,False,False,False,False,,,,,,,,,,,,,,,,,,,,,,Indy Mock Hundred,IUPUI,"Indianapolis, Indiana","November 09, 2019","November 10, 2019",invitationals,2020,Opening coin flip: Heads - Higher # = Better Rank,Round 3 coin flip: Tails - Left Side is Defense
1,1392,Δ,-11,1369,Loss,2,1,5,2.5,11.0,53.0,-39,24,St. Ambrose University A 8/30/2019,St. Ambrose University A 8/30/2019,False,False,False,False,,,,,,,,,,,,,,,,,,,,,,Indy Mock Hundred,IUPUI,"Indianapolis, Indiana","November 09, 2019","November 10, 2019",invitationals,2020,Opening coin flip: Heads - Higher # = Better Rank,Round 3 coin flip: Tails - Left Side is Defense
2,1444,Π,9,1369,Win,2,1,5,2.5,11.0,53.0,-39,24,St. Ambrose University A 8/30/2019,St. Ambrose University A 8/30/2019,False,False,False,False,,,,,,,,,,,,,,,,,,,,,,Indy Mock Hundred,IUPUI,"Indianapolis, Indiana","November 09, 2019","November 10, 2019",invitationals,2020,Opening coin flip: Heads - Higher # = Better Rank,Round 3 coin flip: Tails - Left Side is Defense
2,1444,Π,0,1369,Tie,2,1,5,2.5,11.0,53.0,-39,24,St. Ambrose University A 8/30/2019,St. Ambrose University A 8/30/2019,False,False,False,False,,,,,,,,,,,,,,,,,,,,,,Indy Mock Hundred,IUPUI,"Indianapolis, Indiana","November 09, 2019","November 10, 2019",invitationals,2020,Opening coin flip: Heads - Higher # = Better Rank,Round 3 coin flip: Tails - Left Side is Defense
3,1174,Π,12,1369,Win,2,1,5,2.5,11.0,53.0,-39,24,St. Ambrose University A 8/30/2019,St. Ambrose University A 8/30/2019,False,False,False,False,,,,,,,,,,,,,,,,,,,,,,Indy Mock Hundred,IUPUI,"Indianapolis, Indiana","November 09, 2019","November 10, 2019",invitationals,2020,Opening coin flip: Heads - Higher # = Better Rank,Round 3 coin flip: Tails - Left Side is Defense
3,1174,Π,-9,1369,Loss,2,1,5,2.5,11.0,53.0,-39,24,St. Ambrose University A 8/30/2019,St. Ambrose University A 8/30/2019,False,False,False,False,,,,,,,,,,,,,,,,,,,,,,Indy Mock Hundred,IUPUI,"Indianapolis, Indiana","November 09, 2019","November 10, 2019",invitationals,2020,Opening coin flip: Heads - Higher # = Better Rank,Round 3 coin flip: Tails - Left Side is Defense
4,1528,Δ,-30,1369,Loss,2,1,5,2.5,11.0,53.0,-39,24,St. Ambrose University A 8/30/2019,St. Ambrose University A 8/30/2019,False,False,False,False,,,,,,,,,,,,,,,,,,,,,,Indy Mock Hundred,IUPUI,"Indianapolis, Indiana","November 09, 2019","November 10, 2019",invitationals,2020,Opening coin flip: Heads - Higher # = Better Rank,Round 3 coin flip: Tails - Left Side is Defense
4,1528,Δ,-5,1369,Loss,2,1,5,2.5,11.0,53.0,-39,24,St. Ambrose University A 8/30/2019,St. Ambrose University A 8/30/2019,False,False,False,False,,,,,,,,,,,,,,,,,,,,,,Indy Mock Hundred,IUPUI,"Indianapolis, Indiana","November 09, 2019","November 10, 2019",invitationals,2020,Opening coin flip: Heads - Higher # = Better Rank,Round 3 coin flip: Tails - Left Side is Defense
1,1440,Π,2,1391,Win,5,1,2,5.5,15.0,64.0,14,13,Indiana University C,Indiana University C,False,False,False,False,,,,,,,,,,,,,,,,,,,,,,Indy Mock Hundred,IUPUI,"Indianapolis, Indiana","November 09, 2019","November 10, 2019",invitationals,2020,Opening coin flip: Heads - Higher # = Better Rank,Round 3 coin flip: Tails - Left Side is Defense
1,1440,Π,0,1391,Tie,5,1,2,5.5,15.0,64.0,14,13,Indiana University C,Indiana University C,False,False,False,False,,,,,,,,,,,,,,,,,,,,,,Indy Mock Hundred,IUPUI,"Indianapolis, Indiana","November 09, 2019","November 10, 2019",invitationals,2020,Opening coin flip: Heads - Higher # = Better Rank,Round 3 coin flip: Tails - Left Side is Defense
2,1001,Δ,-5,1391,Loss,5,1,2,5.5,15.0,64.0,14,13,Indiana University C,Indiana University C,False,False,False,False,,,,,,,,,,,,,,,,,,,,,,Indy Mock Hundred,IUPUI,"Indianapolis, Indiana","November 09, 2019","November 10, 2019",invitationals,2020,Opening coin flip: Heads - Higher # = Better Rank,Round 3 coin flip: Tails - Left Side is Defense
2,1001,Δ,2,1391,Win,5,1,2,5.5,15.0,64.0,14,13,Indiana University C,Indiana University C,False,False,False,False,,,,,,,,,,,,,,,,,,,,,,Indy Mock Hundred,IUPUI,"Indianapolis, Indiana","November 09, 2019","November 10, 2019",invitationals,2020,Opening coin flip: Heads - Higher # = Better Rank,Round 3 coin flip: Tails - Left Side is Defense
3,1528,Π,11,1391,Win,5,1,2,5.5,15.0,64.0,14,13,Indiana University C,Indiana University C,False,False,False,False,,,,,,,,,,,,,,,,,,,,,,Indy Mock Hundred,IUPUI,"Indianapolis, Indiana","November 09, 2019","November 10, 2019",invitationals,2020,Opening coin flip: Heads - Higher # = Better Rank,Round 3 coin flip: Tails - Left Side is Defense
3,1528,Π,3,1391,Win,5,1,2,5.5,15.0,64.0,14,13,Indiana University C,Indiana University C,False,False,False,False,,,,,,,,,,,,,,,,,,,,,,Indy Mock Hundred,IUPUI,"Indianapolis, Indiana","November 09, 2019","November 10, 2019",invitationals,2020,Opening coin flip: Heads - Higher # = Better Rank,Round 3 coin flip: Tails - Left Side is Defense
4,1356,Δ,2,1391,Win,5,1,2,5.5,15.0,64.0,14,13,Indiana University C,Indiana University C,False,False,False,False,,,,,,,,,,,,,,,,,,,,,,Indy Mock Hundred,IUPUI,"Indianapolis, Indiana","November 09, 2019","November 10, 2019",invitationals,2020,Opening coin flip: Heads - Higher # = Better Rank,Round 3 coin flip: Tails - Left Side is Defense
4,1356,Δ,-1,1391,Loss,5,1,2,5.5,15.0,64.0,14,13,Indiana University C,Indiana University C,False,False,False,False,,,,,,,,,,,,,,,,,,,,,,Indy Mock Hundred,IUPUI,"Indianapolis, Indiana","November 09, 2019","November 10, 2019",invitationals,2020,Opening coin flip: Heads - Higher # = Better Rank,Round 3 coin flip: Tails - Left Side is Defense
1,1369,Π,5,1392,Win,5,0,3,5.0,15.5,52.5,-3,18,Indiana University D  1/13/2020,Indiana University D  1/13/2020,False,False,False,False,,,,,,,,,,,,,,,,,,,,,,Indy Mock Hundred,IUPUI,"Indianapolis, Indiana","November 09, 2019","November 10, 2019",invitationals,2020,Opening coin flip: Heads - Higher # = Better Rank,Round 3 coin flip: Tails - Left Side is Defense
1,1369,Π,11,1392,Win,5,0,3,5.0,15.5,52.5,-3,18,Indiana University D  1/13/2020,Indiana University D  1/13/2020,False,False,False,False,,,,,,,,,,,,,,,,,,,,,,Indy Mock Hundred,IUPUI,"Indianapolis, Indiana","November 09, 2019","November 10, 2019",invitationals,2020,Opening coin flip: Heads - Higher # = Better Rank,Round 3 coin flip: Tails - Left Side is Defense
2,1283,Δ,-22,1392,Loss,5,0,3,5.0,15.5,52.5,-3,18,Indiana University D  1/13/2020,Indiana University D  1/13/2020,False,False,False,False,,,,,,,,,,,,,,,,,,,,,,Indy Mock Hundred,IUPUI,"Indianapolis, Indiana","November 09, 2019","November 10, 2019",invitationals,2020,Opening coin flip: Heads - Higher # = Better Rank,Round 3 coin flip: Tails - Left Side is Defense
2,1283,Δ,-3,1392,Loss,5,0,3,5.0,15.5,52.5,-3,18,Indiana University D  1/13/2020,Indiana University D  1/13/2020,False,False,False,False,,,,,,,,,,,,,,,,,,,,,,Indy Mock Hundred,IUPUI,"Indianapolis, Indiana","November 09, 2019","November 10, 2019",invitationals,2020,Opening coin flip: Heads - Higher # = Better Rank,Round 3 coin flip: Tails - Left Side is Defense
3,1284,Π,7,1392,Win,5,0,3,5.0,15.5,52.5,-3,18,Indiana University D  1/13/2020,Indiana University D  1/13/2020,False,False,False,False,,,,,,,,,,,,,,,,,,,,,,Indy Mock Hundred,IUPUI,"Indianapolis, Indiana","November 09, 2019","November 10, 2019",invitationals,2020,Opening coin flip: Heads - Higher # = Better Rank,Round 3 coin flip: Tails - Left Side is Defense
3,1284,Π,-14,1392,Loss,5,0,3,5.0,15.5,52.5,-3,18,Indiana University D  1/13/2020,Indiana University D  1/13/2020,False,False,False,False,,,,,,,,,,,,,,,,,,,,,,Indy Mock Hundred,IUPUI,"Indianapolis, Indiana","November 09, 2019","November 10, 2019",invitationals,2020,Opening coin flip: Heads - Higher # = Better Rank,Round 3 coin flip: Tails - Left Side is Defense
4,1129,Δ,1,1392,Win,5,0,3,5.0,15.5,52.5,-3,18,Indiana University D  1/13/2020,Indiana University D  1/13/2020,False,False,False,False,,,,,,,,,,,,,,,,,,,,,,Indy Mock Hundred,IUPUI,"Indianapolis, Indiana","November 09, 2019","November 10, 2019",invitationals,2020,Opening coin flip: Heads - Higher # = Better Rank,Round 3 coin flip: Tails - Left Side is Defense
4,1129,Δ,12,1392,Win,5,0,3,5.0,15.5,52.5,-3,18,Indiana University D  1/13/2020,Indiana University D  1/13/2020,False,False,False,False,,,,,,,,,,,,,,,,,,,,,,Indy Mock Hundred,IUPUI,"Indianapolis, Indiana","November 09, 2019","November 10, 2019",invitationals,2020,Opening coin flip: Heads - Higher # = Better Rank,Round 3 coin flip: Tails - Left Side is Defense
1,1391,Δ,-2,1440,Loss,2,1,5,2.5,14.0,54.0,-35,4,Ball State University A 9/11/2019,Ball State University A 9/11/2019,False,False,False,False,,Josh Everetts Purdue University Indianapoli,Witness,18,∆,Asha McWilliams Western Kentucky Universit,Attorney,18,∆,,,,,,,,,,,,,Indy Mock Hundred,IUPUI,"Indianapolis, Indiana","November 09, 2019","November 10, 2019",invitationals,2020,Opening coin flip: Heads - Higher # = Better Rank,Round 3 coin flip: Tails - Left Side is Defense
1,1391,Δ,0,1440,Tie,2,1,5,2.5,14.0,54.0,-35,4,Ball State University A 9/11/2019,Ball State University A 9/11/2019,False,False,False,False,,Josh Everetts Purdue University Indianapoli,Witness,18,∆,Asha McWilliams Western Kentucky Universit,Attorney,18,∆,,,,,,,,,,,,,Indy Mock Hundred,IUPUI,"Indianapolis, Indiana","November 09, 2019","November 10, 2019",invitationals,2020,Opening coin flip: Heads - Higher # = Better Rank,Round 3 coin flip: Tails - Left Side is Defense
2,1173,Π,-9,1440,Loss,2,1,5,2.5,14.0,54.0,-35,4,Ball State University A 9/11/2019,Ball State University A 9/11/2019,False,False,False,False,,Josh Everetts Purdue University Indianapoli,Witness,18,∆,Asha McWilliams Western Kentucky Universit,Attorney,18,∆,,,,,,,,,,,,,Indy Mock Hundred,IUPUI,"Indianapolis, Indiana","November 09, 2019","November 10, 2019",invitationals,2020,Opening coin flip: Heads - Higher # = Better Rank,Round 3 coin flip: Tails - Left Side is Defense
2,1173,Π,-1,1440,Loss,2,1,5,2.5,14.0,54.0,-35,4,Ball State University A 9/11/2019,Ball State University A 9/11/2019,False,False,False,False,,Josh Everetts Purdue University Indianapoli,Witness,18,∆,Asha McWilliams Western Kentucky Universit,Attorney,18,∆,,,,,,,,,,,,,Indy Mock Hundred,IUPUI,"Indianapolis, Indiana","November 09, 2019","November 10, 2019",invitationals,2020,Opening coin flip: Heads - Higher # = Better Rank,Round 3 coin flip: Tails - Left Side is Defense
3,1002,Π,-15,1440,Loss,2,1,5,2.5,14.0,54.0,-35,4,Ball State University A 9/11/2019,Ball State University A 9/11/2019,False,False,False,False,,Josh Everetts Purdue University Indianapoli,Witness,18,∆,Asha McWilliams Western Kentucky Universit,Attorney,18,∆,,,,,,,,,,,,,Indy Mock Hundred,IUPUI,"Indianapolis, Indiana","November 09, 2019","November 10, 2019",invitationals,2020,Opening coin flip: Heads - Higher # = Better Rank,Round 3 coin flip: Tails - Left Side is Defense
3,1002,Π,-25,1440,Loss,2,1,5,2.5,14.0,54.0,-35,4,Ball State University A 9/11/2019,Ball State University A 9/11/2019,False,False,False,False,,Josh Everetts Purdue University Indianapoli,Witness,18,∆,Asha McWilliams Western Kentucky Universit,Attorney,18,∆,,,,,,,,,,,,,Indy Mock Hundred,IUPUI,"Indianapolis, Indiana","November 09, 2019","November 10, 2019",invitationals,2020,Opening coin flip: Heads - Higher # = Better Rank,Round 3 coin flip: Tails - Left Side is Defense
4,1457,Δ,5,1440,Win,2,1,5,2.5,14.0,54.0,-35,4,Ball State University A 9/11/2019,Ball State University A 9/11/2019,False,False,False,False,,Josh Everetts Purdue University Indianapoli,Witness,18,∆,Asha McWilliams Western Kentucky Universit,Attorney,18,∆,,,,,,,,,,,,,Indy Mock Hundred,IUPUI,"Indianapolis, Indiana","November 09, 2019","November 10, 2019",invitationals,2020,Opening coin flip: Heads - Higher # = Better Rank,Round 3 coin flip: Tails - Left Side is Defense
4,1457,Δ,12,1440,Win,2,1,5,2.5,14.0,54.0,-35,4,Ball State University A 9/11/2019,Ball State University A 9/11/2019,False,False,False,False,,Josh Everetts Purdue University Indianapoli,Witness,18,∆,Asha McWilliams Western Kentucky Universit,Attorney,18,∆,,,,,,,,,,,,,Indy Mock Hundred,IUPUI,"Indianapolis, Indiana","November 09, 2019","November 10, 2019",invitationals,2020,Opening coin flip: Heads - Higher # = Better Rank,Round 3 coin flip: Tails - Left Side is Defense
1,1364,Π,-15,1444,Loss,4,1,3,4.5,19.0,64.0,-29,21,Trinity Christian College A 9/11/2019,Trinity Christian College A 9/11/2019,False,False,False,False,,Sarah Tinaphong University of Chicag,Attorney,18,∏,,,,,,,,,,,,,,,,,Indy Mock Hundred,IUPUI,"Indianapolis, Indiana","November 09, 2019","November 10, 2019",invitationals,2020,Opening coin flip: Heads - Higher # = Better Rank,Round 3 coin flip: Tails - Left Side is Defense
1,1364,Π,-25,1444,Loss,4,1,3,4.5,19.0,64.0,-29,21,Trinity Christian College A 9/11/2019,Trinity Christian College A 9/11/2019,False,False,False,False,,Sarah Tinaphong University of Chicag,Attorney,18,∏,,,,,,,,,,,,,,,,,Indy Mock Hundred,IUPUI,"Indianapolis, Indiana","November 09, 2019","November 10, 2019",invitationals,2020,Opening coin flip: Heads - Higher # = Better Rank,Round 3 coin flip: Tails - Left Side is Defense
2,1369,Δ,-9,1444,Loss,4,1,3,4.5,19.0,64.0,-29,21,Trinity Christian College A 9/11/2019,Trinity Christian College A 9/11/2019,False,False,False,False,,Sarah Tinaphong University of Chicag,Attorney,18,∏,,,,,,,,,,,,,,,,,Indy Mock Hundred,IUPUI,"Indianapolis, Indiana","November 09, 2019","November 10, 2019",invitationals,2020,Opening coin flip: Heads - Higher # = Better Rank,Round 3 coin flip: Tails - Left Side is Defense
2,1369,Δ,0,1444,Tie,4,1,3,4.5,19.0,64.0,-29,21,Trinity Christian College A 9/11/2019,Trinity Christian College A 9/11/2019,False,False,False,False,,Sarah Tinaphong University of Chicag,Attorney,18,∏,,,,,,,,,,,,,,,,,Indy Mock Hundred,IUPUI,"Indianapolis, Indiana","November 09, 2019","November 10, 2019",invitationals,2020,Opening coin flip: Heads - Higher # = Better Rank,Round 3 coin flip: Tails - Left Side is Defense
3,1355,Π,6,1444,Win,4,1,3,4.5,19.0,64.0,-29,21,Trinity Christian College A 9/11/2019,Trinity Christian College A 9/11/2019,False,False,False,False,,Sarah Tinaphong University of Chicag,Attorney,18,∏,,,,,,,,,,,,,,,,,Indy Mock Hundred,IUPUI,"Indianapolis, Indiana","November 09, 2019","November 10, 2019",invitationals,2020,Opening coin flip: Heads - Higher # = Better Rank,Round 3 coin flip: Tails - Left Side is Defense
3,1355,Π,5,1444,Win,4,1,3,4.5,19.0,64.0,-29,21,Trinity Christian College A 9/11/2019,Trinity Christian College A 9/11/2019,False,False,False,False,,Sarah Tinaphong University of Chicag,Attorney,18,∏,,,,,,,,,,,,,,,,,Indy Mock Hundred,IUPUI,"Indianapolis, Indiana","November 09, 2019","November 10, 2019",invitationals,2020,Opening coin flip: Heads - Higher # = Better Rank,Round 3 coin flip: Tails - Left Side is Defense
4,1174,Δ,6,1444,Win,4,1,3,4.5,19.0,64.0,-29,21,Trinity Christian College A 9/11/2019,Trinity Christian College A 9/11/2019,False,False,False,False,,Sarah Tinaphong University of Chicag,Attorney,18,∏,,,,,,,,,,,,,,,,,Indy Mock Hundred,IUPUI,"Indianapolis, Indiana","November 09, 2019","November 10, 2019",invitationals,2020,Opening coin flip: Heads - Higher # = Better Rank,Round 3 coin flip: Tails - Left Side is Defense
4,1174,Δ,3,1444,Win,4,1,3,4.5,19.0,64.0,-29,21,Trinity Christian College A 9/11/2019,Trinity Christian College A 9/11/2019,False,False,False,False,,Sarah Tinaphong University of Chicag,Attorney,18,∏,,,,,,,,,,,,,,,,,Indy Mock Hundred,IUPUI,"Indianapolis, Indiana","November 09, 2019","November 10, 2019",invitationals,2020,Opening coin flip: Heads - Higher # = Better Rank,Round 3 coin flip: Tails - Left Side is Defense
1,1569,Δ,5,1457,Win,1,0,7,1.0,16.0,63.0,-74,17,Wake Forest University B,Wake Forest University B,False,False,False,False,,,,,,,,,,,,,,,,,,,,,,Indy Mock Hundred,IUPUI,"Indianapolis, Indiana","November 09, 2019","November 10, 2019",invitationals,2020,Opening coin flip: Heads - Higher # = Better Rank,Round 3 coin flip: Tails - Left Side is Defense
1,1569,Δ,-5,1457,Loss,1,0,7,1.0,16.0,63.0,-74,17,Wake Forest University B,Wake Forest University B,False,False,False,False,,,,,,,,,,,,,,,,,,,,,,Indy Mock Hundred,IUPUI,"Indianapolis, Indiana","November 09, 2019","November 10, 2019",invitationals,2020,Opening coin flip: Heads - Higher # = Better Rank,Round 3 coin flip: Tails - Left Side is Defense
2,1221,Π,-19,1457,Loss,1,0,7,1.0,16.0,63.0,-74,17,Wake Forest University B,Wake Forest University B,False,False,False,False,,,,,,,,,,,,,,,,,,,,,,Indy Mock Hundred,IUPUI,"Indianapolis, Indiana","November 09, 2019","November 10, 2019",invitationals,2020,Opening coin flip: Heads - Higher # = Better Rank,Round 3 coin flip: Tails - Left Side is Defense
2,1221,Π,-21,1457,Loss,1,0,7,1.0,16.0,63.0,-74,17,Wake Forest University B,Wake Forest University B,False,False,False,False,,,,,,,,,,,,,,,,,,,,,,Indy Mock Hundred,IUPUI,"Indianapolis, Indiana","November 09, 2019","November 10, 2019",invitationals,2020,Opening coin flip: Heads - Higher # = Better Rank,Round 3 coin flip: Tails - Left Side is Defense
3,1985,Δ,-1,1457,Loss,1,0,7,1.0,16.0,63.0,-74,17,Wake Forest University B,Wake Forest University B,False,False,False,False,,,,,,,,,,,,,,,,,,,,,,Indy Mock Hundred,IUPUI,"Indianapolis, Indiana","November 09, 2019","November 10, 2019",invitationals,2020,Opening coin flip: Heads - Higher # = Better Rank,Round 3 coin flip: Tails - Left Side is Defense
3,1985,Δ,-16,1457,Loss,1,0,7,1.0,16.0,63.0,-74,17,Wake Forest University B,Wake Forest University B,False,False,False,False,,,,,,,,,,,,,,,,,,,,,,Indy Mock Hundred,IUPUI,"Indianapolis, Indiana","November 09, 2019","November 10, 2019",invitationals,2020,Opening coin flip: Heads - Higher # = Better Rank,Round 3 coin flip: Tails - Left Side is Defense
4,1440,Π,-5,1457,Loss,1,0,7,1.0,16.0,63.0,-74,17,Wake Forest University B,Wake Forest University B,False,False,False,False,,,,,,,,,,,,,,,,,,,,,,Indy Mock Hundred,IUPUI,"Indianapolis, Indiana","November 09, 2019","November 10, 2019",invitationals,2020,Opening coin flip: Heads - Higher # = Better Rank,Round 3 coin flip: Tails - Left Side is Defense
4,1440,Π,-12,1457,Loss,1,0,7,1.0,16.0,63.0,-74,17,Wake Forest University B,Wake Forest University B,False,False,False,False,,,,,,,,,,,,,,,,,,,,,,Indy Mock Hundred,IUPUI,"Indianapolis, Indiana","November 09, 2019","November 10, 2019",invitationals,2020,Opening coin flip: Heads - Higher # = Better Rank,Round 3 coin flip: Tails - Left Side is Defense
1,1284,Δ,-5,1528,Loss,4,0,4,4.0,17.5,63.5,21,15,Western Michigan University A 9/25/2019,Western Michigan University A 9/25/2019,False,False,False,False,,Charles Graham Eastern Michigan Universit,Attorney,20,∏,,,,,,,,,,,,,,,,,Indy Mock Hundred,IUPUI,"Indianapolis, Indiana","November 09, 2019","November 10, 2019",invitationals,2020,Opening coin flip: Heads - Higher # = Better Rank,Round 3 coin flip: Tails - Left Side is Defense
1,1284,Δ,-4,1528,Loss,4,0,4,4.0,17.5,63.5,21,15,Western Michigan University A 9/25/2019,Western Michigan University A 9/25/2019,False,False,False,False,,Charles Graham Eastern Michigan Universit,Attorney,20,∏,,,,,,,,,,,,,,,,,Indy Mock Hundred,IUPUI,"Indianapolis, Indiana","November 09, 2019","November 10, 2019",invitationals,2020,Opening coin flip: Heads - Higher # = Better Rank,Round 3 coin flip: Tails - Left Side is Defense
2,1355,Π,1,1528,Win,4,0,4,4.0,17.5,63.5,21,15,Western Michigan University A 9/25/2019,Western Michigan University A 9/25/2019,False,False,False,False,,Charles Graham Eastern Michigan Universit,Attorney,20,∏,,,,,,,,,,,,,,,,,Indy Mock Hundred,IUPUI,"Indianapolis, Indiana","November 09, 2019","November 10, 2019",invitationals,2020,Opening coin flip: Heads - Higher # = Better Rank,Round 3 coin flip: Tails - Left Side is Defense
2,1355,Π,8,1528,Win,4,0,4,4.0,17.5,63.5,21,15,Western Michigan University A 9/25/2019,Western Michigan University A 9/25/2019,False,False,False,False,,Charles Graham Eastern Michigan Universit,Attorney,20,∏,,,,,,,,,,,,,,,,,Indy Mock Hundred,IUPUI,"Indianapolis, Indiana","November 09, 2019","November 10, 2019",invitationals,2020,Opening coin flip: Heads - Higher # = Better Rank,Round 3 coin flip: Tails - Left Side is Defense
3,1391,Δ,-11,1528,Loss,4,0,4,4.0,17.5,63.5,21,15,Western Michigan University A 9/25/2019,Western Michigan University A 9/25/2019,False,False,False,False,,Charles Graham Eastern Michigan Universit,Attorney,20,∏,,,,,,,,,,,,,,,,,Indy Mock Hundred,IUPUI,"Indianapolis, Indiana","November 09, 2019","November 10, 2019",invitationals,2020,Opening coin flip: Heads - Higher # = Better Rank,Round 3 coin flip: Tails - Left Side is Defense
3,1391,Δ,-3,1528,Loss,4,0,4,4.0,17.5,63.5,21,15,Western Michigan University A 9/25/2019,Western Michigan University A 9/25/2019,False,False,False,False,,Charles Graham Eastern Michigan Universit,Attorney,20,∏,,,,,,,,,,,,,,,,,Indy Mock Hundred,IUPUI,"Indianapolis, Indiana","November 09, 2019","November 10, 2019",invitationals,2020,Opening coin flip: Heads - Higher # = Better Rank,Round 3 coin flip: Tails - Left Side is Defense
4,1369,Π,30,1528,Win,4,0,4,4.0,17.5,63.5,21,15,Western Michigan University A 9/25/2019,Western Michigan University A 9/25/2019,False,False,False,False,,Charles Graham Eastern Michigan Universit,Attorney,20,∏,,,,,,,,,,,,,,,,,Indy Mock Hundred,IUPUI,"Indianapolis, Indiana","November 09, 2019","November 10, 2019",invitationals,2020,Opening coin flip: Heads - Higher # = Better Rank,Round 3 coin flip: Tails - Left Side is Defense
4,1369,Π,5,1528,Win,4,0,4,4.0,17.5,63.5,21,15,Western Michigan University A 9/25/2019,Western Michigan University A 9/25/2019,False,False,False,False,,Charles Graham Eastern Michigan Universit,Attorney,20,∏,,,,,,,,,,,,,,,,,Indy Mock Hundred,IUPUI,"Indianapolis, Indiana","November 09, 2019","November 10, 2019",invitationals,2020,Opening coin flip: Heads - Higher # = Better Rank,Round 3 coin flip: Tails - Left Side is Defense
1,1457,Π,-5,1569,Loss,2,0,6,2.0,17.0,59.0,-34,11,University of Toledo A 10/3/2019,University of Toledo A 10/3/2019,False,False,False,False,,Pietro Stroik Purdue Universit,Attorney,17,∏,,,,,,,,,,,,,,,,,Indy Mock Hundred,IUPUI,"Indianapolis, Indiana","November 09, 2019","November 10, 2019",invitationals,2020,Opening coin flip: Heads - Higher # = Better Rank,Round 3 coin flip: Tails - Left Side is Defense
1,1457,Π,5,1569,Win,2,0,6,2.0,17.0,59.0,-34,11,University of Toledo A 10/3/2019,University of Toledo A 10/3/2019,False,False,False,False,,Pietro Stroik Purdue Universit,Attorney,17,∏,,,,,,,,,,,,,,,,,Indy Mock Hundred,IUPUI,"Indianapolis, Indiana","November 09, 2019","November 10, 2019",invitationals,2020,Opening coin flip: Heads - Higher # = Better Rank,Round 3 coin flip: Tails - Left Side is Defense
2,1356,Δ,-6,1569,Loss,2,0,6,2.0,17.0,59.0,-34,11,University of Toledo A 10/3/2019,University of Toledo A 10/3/2019,False,False,False,False,,Pietro Stroik Purdue Universit,Attorney,17,∏,,,,,,,,,,,,,,,,,Indy Mock Hundred,IUPUI,"Indianapolis, Indiana","November 09, 2019","November 10, 2019",invitationals,2020,Opening coin flip: Heads - Higher # = Better Rank,Round 3 coin flip: Tails - Left Side is Defense
2,1356,Δ,-12,1569,Loss,2,0,6,2.0,17.0,59.0,-34,11,University of Toledo A 10/3/2019,University of Toledo A 10/3/2019,False,False,False,False,,Pietro Stroik Purdue Universit,Attorney,17,∏,,,,,,,,,,,,,,,,,Indy Mock Hundred,IUPUI,"Indianapolis, Indiana","November 09, 2019","November 10, 2019",invitationals,2020,Opening coin flip: Heads - Higher # = Better Rank,Round 3 coin flip: Tails - Left Side is Defense
3,1059,Π,-6,1569,Loss,2,0,6,2.0,17.0,59.0,-34,11,University of Toledo A 10/3/2019,University of Toledo A 10/3/2019,False,False,False,False,,Pietro Stroik Purdue Universit,Attorney,17,∏,,,,,,,,,,,,,,,,,Indy Mock Hundred,IUPUI,"Indianapolis, Indiana","November 09, 2019","November 10, 2019",invitationals,2020,Opening coin flip: Heads - Higher # = Better Rank,Round 3 coin flip: Tails - Left Side is Defense
3,1059,Π,-8,1569,Loss,2,0,6,2.0,17.0,59.0,-34,11,University of Toledo A 10/3/2019,University of Toledo A 10/3/2019,False,False,False,False,,Pietro Stroik Purdue Universit,Attorney,17,∏,,,,,,,,,,,,,,,,,Indy Mock Hundred,IUPUI,"Indianapolis, Indiana","November 09, 2019","November 10, 2019",invitationals,2020,Opening coin flip: Heads - Higher # = Better Rank,Round 3 coin flip: Tails - Left Side is Defense
4,1355,Δ,5,1569,Win,2,0,6,2.0,17.0,59.0,-34,11,University of Toledo A 10/3/2019,University of Toledo A 10/3/2019,False,False,False,False,,Pietro Stroik Purdue Universit,Attorney,17,∏,,,,,,,,,,,,,,,,,Indy Mock Hundred,IUPUI,"Indianapolis, Indiana","November 09, 2019","November 10, 2019",invitationals,2020,Opening coin flip: Heads - Higher # = Better Rank,Round 3 coin flip: Tails - Left Side is Defense
4,1355,Δ,-7,1569,Loss,2,0,6,2.0,17.0,59.0,-34,11,University of Toledo A 10/3/2019,University of Toledo A 10/3/2019,False,False,False,False,,Pietro Stroik Purdue Universit,Attorney,17,∏,,,,,,,,,,,,,,,,,Indy Mock Hundred,IUPUI,"Indianapolis, Indiana","November 09, 2019","November 10, 2019",invitationals,2020,Opening coin flip: Heads - Higher # = Better Rank,Round 3 coin flip: Tails - Left Side is Defense
1,1174,Π,-7,1985,Loss,4,0,4,4.0,14.0,58.0,-25,23,Bye Bust Team,Bye Bust Team,False,False,False,False,,,,,,,,,,,,,,,,,,,,,,Indy Mock Hundred,IUPUI,"Indianapolis, Indiana","November 09, 2019","November 10, 2019",invitationals,2020,Opening coin flip: Heads - Higher # = Better Rank,Round 3 coin flip: Tails - Left Side is Defense
1,1174,Π,3,1985,Win,4,0,4,4.0,14.0,58.0,-25,23,Bye Bust Team,Bye Bust Team,False,False,False,False,,,,,,,,,,,,,,,,,,,,,,Indy Mock Hundred,IUPUI,"Indianapolis, Indiana","November 09, 2019","November 10, 2019",invitationals,2020,Opening coin flip: Heads - Higher # = Better Rank,Round 3 coin flip: Tails - Left Side is Defense
2,1368,Δ,-8,1985,Loss,4,0,4,4.0,14.0,58.0,-25,23,Bye Bust Team,Bye Bust Team,False,False,False,False,,,,,,,,,,,,,,,,,,,,,,Indy Mock Hundred,IUPUI,"Indianapolis, Indiana","November 09, 2019","November 10, 2019",invitationals,2020,Opening coin flip: Heads - Higher # = Better Rank,Round 3 coin flip: Tails - Left Side is Defense
2,1368,Δ,-22,1985,Loss,4,0,4,4.0,14.0,58.0,-25,23,Bye Bust Team,Bye Bust Team,False,False,False,False,,,,,,,,,,,,,,,,,,,,,,Indy Mock Hundred,IUPUI,"Indianapolis, Indiana","November 09, 2019","November 10, 2019",invitationals,2020,Opening coin flip: Heads - Higher # = Better Rank,Round 3 coin flip: Tails - Left Side is Defense
3,1457,Π,1,1985,Win,4,0,4,4.0,14.0,58.0,-25,23,Bye Bust Team,Bye Bust Team,False,False,False,False,,,,,,,,,,,,,,,,,,,,,,Indy Mock Hundred,IUPUI,"Indianapolis, Indiana","November 09, 2019","November 10, 2019",invitationals,2020,Opening coin flip: Heads - Higher # = Better Rank,Round 3 coin flip: Tails - Left Side is Defense
3,1457,Π,16,1985,Win,4,0,4,4.0,14.0,58.0,-25,23,Bye Bust Team,Bye Bust Team,False,False,False,False,,,,,,,,,,,,,,,,,,,,,,Indy Mock Hundred,IUPUI,"Indianapolis, Indiana","November 09, 2019","November 10, 2019",invitationals,2020,Opening coin flip: Heads - Higher # = Better Rank,Round 3 coin flip: Tails - Left Side is Defense
4,1275,Δ,1,1985,Win,4,0,4,4.0,14.0,58.0,-25,23,Bye Bust Team,Bye Bust Team,False,False,False,False,,,,,,,,,,,,,,,,,,,,,,Indy Mock Hundred,IUPUI,"Indianapolis, Indiana","November 09, 2019","November 10, 2019",invitationals,2020,Opening coin flip: Heads - Higher # = Better Rank,Round 3 coin flip: Tails - Left Side is Defense
4,1275,Δ,-9,1985,Loss,4,0,4,4.0,14.0,58.0,-25,23,Bye Bust Team,Bye Bust Team,False,False,False,False,,,,,,,,,,,,,,,,,,,,,,Indy Mock Hundred,IUPUI,"Indianapolis, Indiana","November 09, 2019","November 10, 2019",invitationals,2020,Opening coin flip: Heads - Higher # = Better Rank,Round 3 coin flip: Tails - Left Side is Defense
