RoundNum,TeamNum,OppNum,Side,PD,BallotResult,TotalWins,TotalTies,TotalLosses,TotalBallots,TeamName,OppName,EarnedBid,EarnedHonorableMention,WonSPAMTA,SPAMTAHonorableMention,SPAMTARanks,Student0,Role0,Ranks0,Side0,Student1,Role1,Ranks1,Side1,Student2,Role2,Ranks2,Side2,Student3,Role3,Ranks3,Side3,name,host,location,start_date,end_date,amta_rep_0,amta_rep_1,tab_note_0,tab_note_1,tab_note_2
1,1026,1114,Π,3,Win,2,2,4,3.0,Quincy University A,Culver-Stockton College A,False,False,False,False,,,,,,,,,,,,,,,,,,"St. Louis, Missouri Regional Tournament",St. Louis University in the St. Louis School of Law,,"February 09, 2019","February 10, 2019",Matthew Eslick,Frank Guliuzza,8th place after round 3: 3.5 Wins,Opening coin flip: Heads - Higher # = Better Rank,Round 3 coin flip: Tails - Left Side is Defense
1,1026,1114,Π,-14,Loss,2,2,4,3.0,Quincy University A,Culver-Stockton College A,False,False,False,False,,,,,,,,,,,,,,,,,,"St. Louis, Missouri Regional Tournament",St. Louis University in the St. Louis School of Law,,"February 09, 2019","February 10, 2019",Matthew Eslick,Frank Guliuzza,8th place after round 3: 3.5 Wins,Opening coin flip: Heads - Higher # = Better Rank,Round 3 coin flip: Tails - Left Side is Defense
2,1026,1147,Δ,-14,Loss,2,2,4,3.0,Quincy University A,Northern Illinois University B,False,False,False,False,,,,,,,,,,,,,,,,,,"St. Louis, Missouri Regional Tournament",St. Louis University in the St. Louis School of Law,,"February 09, 2019","February 10, 2019",Matthew Eslick,Frank Guliuzza,8th place after round 3: 3.5 Wins,Opening coin flip: Heads - Higher # = Better Rank,Round 3 coin flip: Tails - Left Side is Defense
2,1026,1147,Δ,-3,Loss,2,2,4,3.0,Quincy University A,Northern Illinois University B,False,False,False,False,,,,,,,,,,,,,,,,,,"St. Louis, Missouri Regional Tournament",St. Louis University in the St. Louis School of Law,,"February 09, 2019","February 10, 2019",Matthew Eslick,Frank Guliuzza,8th place after round 3: 3.5 Wins,Opening coin flip: Heads - Higher # = Better Rank,Round 3 coin flip: Tails - Left Side is Defense
3,1026,1696,Π,1,Win,2,2,4,3.0,Quincy University A,Washington University in St. Louis C,False,False,False,False,,,,,,,,,,,,,,,,,,"St. Louis, Missouri Regional Tournament",St. Louis University in the St. Louis School of Law,,"February 09, 2019","February 10, 2019",Matthew Eslick,Frank Guliuzza,8th place after round 3: 3.5 Wins,Opening coin flip: Heads - Higher # = Better Rank,Round 3 coin flip: Tails - Left Side is Defense
3,1026,1696,Π,-17,Loss,2,2,4,3.0,Quincy University A,Washington University in St. Louis C,False,False,False,False,,,,,,,,,,,,,,,,,,"St. Louis, Missouri Regional Tournament",St. Louis University in the St. Louis School of Law,,"February 09, 2019","February 10, 2019",Matthew Eslick,Frank Guliuzza,8th place after round 3: 3.5 Wins,Opening coin flip: Heads - Higher # = Better Rank,Round 3 coin flip: Tails - Left Side is Defense
4,1026,1026,Π,0,Tie,2,2,4,3.0,Quincy University A,Quincy University A,False,False,False,False,,,,,,,,,,,,,,,,,,"St. Louis, Missouri Regional Tournament",St. Louis University in the St. Louis School of Law,,"February 09, 2019","February 10, 2019",Matthew Eslick,Frank Guliuzza,8th place after round 3: 3.5 Wins,Opening coin flip: Heads - Higher # = Better Rank,Round 3 coin flip: Tails - Left Side is Defense
4,1026,1026,Π,0,Tie,2,2,4,3.0,Quincy University A,Quincy University A,False,False,False,False,,,,,,,,,,,,,,,,,,"St. Louis, Missouri Regional Tournament",St. Louis University in the St. Louis School of Law,,"February 09, 2019","February 10, 2019",Matthew Eslick,Frank Guliuzza,8th place after round 3: 3.5 Wins,Opening coin flip: Heads - Higher # = Better Rank,Round 3 coin flip: Tails - Left Side is Defense
1,1027,1566,Π,-27,Loss,0,2,6,1.0,Quincy University B,University of Cincinnati A,False,False,False,False,,,,,,,,,,,,,,,,,,"St. Louis, Missouri Regional Tournament",St. Louis University in the St. Louis School of Law,,"February 09, 2019","February 10, 2019",Matthew Eslick,Frank Guliuzza,8th place after round 3: 3.5 Wins,Opening coin flip: Heads - Higher # = Better Rank,Round 3 coin flip: Tails - Left Side is Defense
1,1027,1566,Π,-17,Loss,0,2,6,1.0,Quincy University B,University of Cincinnati A,False,False,False,False,,,,,,,,,,,,,,,,,,"St. Louis, Missouri Regional Tournament",St. Louis University in the St. Louis School of Law,,"February 09, 2019","February 10, 2019",Matthew Eslick,Frank Guliuzza,8th place after round 3: 3.5 Wins,Opening coin flip: Heads - Higher # = Better Rank,Round 3 coin flip: Tails - Left Side is Defense
2,1027,1801,Δ,-8,Loss,0,2,6,1.0,Quincy University B,Bye Bust Team,False,False,False,False,,,,,,,,,,,,,,,,,,"St. Louis, Missouri Regional Tournament",St. Louis University in the St. Louis School of Law,,"February 09, 2019","February 10, 2019",Matthew Eslick,Frank Guliuzza,8th place after round 3: 3.5 Wins,Opening coin flip: Heads - Higher # = Better Rank,Round 3 coin flip: Tails - Left Side is Defense
2,1027,1801,Δ,-4,Loss,0,2,6,1.0,Quincy University B,Bye Bust Team,False,False,False,False,,,,,,,,,,,,,,,,,,"St. Louis, Missouri Regional Tournament",St. Louis University in the St. Louis School of Law,,"February 09, 2019","February 10, 2019",Matthew Eslick,Frank Guliuzza,8th place after round 3: 3.5 Wins,Opening coin flip: Heads - Higher # = Better Rank,Round 3 coin flip: Tails - Left Side is Defense
3,1027,1182,Δ,-19,Loss,0,2,6,1.0,Quincy University B,Central College A,False,False,False,False,,,,,,,,,,,,,,,,,,"St. Louis, Missouri Regional Tournament",St. Louis University in the St. Louis School of Law,,"February 09, 2019","February 10, 2019",Matthew Eslick,Frank Guliuzza,8th place after round 3: 3.5 Wins,Opening coin flip: Heads - Higher # = Better Rank,Round 3 coin flip: Tails - Left Side is Defense
3,1027,1182,Δ,-7,Loss,0,2,6,1.0,Quincy University B,Central College A,False,False,False,False,,,,,,,,,,,,,,,,,,"St. Louis, Missouri Regional Tournament",St. Louis University in the St. Louis School of Law,,"February 09, 2019","February 10, 2019",Matthew Eslick,Frank Guliuzza,8th place after round 3: 3.5 Wins,Opening coin flip: Heads - Higher # = Better Rank,Round 3 coin flip: Tails - Left Side is Defense
4,1027,1027,Δ,0,Tie,0,2,6,1.0,Quincy University B,Quincy University B,False,False,False,False,,,,,,,,,,,,,,,,,,"St. Louis, Missouri Regional Tournament",St. Louis University in the St. Louis School of Law,,"February 09, 2019","February 10, 2019",Matthew Eslick,Frank Guliuzza,8th place after round 3: 3.5 Wins,Opening coin flip: Heads - Higher # = Better Rank,Round 3 coin flip: Tails - Left Side is Defense
4,1027,1027,Δ,0,Tie,0,2,6,1.0,Quincy University B,Quincy University B,False,False,False,False,,,,,,,,,,,,,,,,,,"St. Louis, Missouri Regional Tournament",St. Louis University in the St. Louis School of Law,,"February 09, 2019","February 10, 2019",Matthew Eslick,Frank Guliuzza,8th place after round 3: 3.5 Wins,Opening coin flip: Heads - Higher # = Better Rank,Round 3 coin flip: Tails - Left Side is Defense
1,1060,1618,Π,6,Win,2,0,6,2.0,Illinois State University A,University of Chicago C,False,False,False,False,,,,,,,,,,,,,,,,,,"St. Louis, Missouri Regional Tournament",St. Louis University in the St. Louis School of Law,,"February 09, 2019","February 10, 2019",Matthew Eslick,Frank Guliuzza,8th place after round 3: 3.5 Wins,Opening coin flip: Heads - Higher # = Better Rank,Round 3 coin flip: Tails - Left Side is Defense
1,1060,1618,Π,-8,Loss,2,0,6,2.0,Illinois State University A,University of Chicago C,False,False,False,False,,,,,,,,,,,,,,,,,,"St. Louis, Missouri Regional Tournament",St. Louis University in the St. Louis School of Law,,"February 09, 2019","February 10, 2019",Matthew Eslick,Frank Guliuzza,8th place after round 3: 3.5 Wins,Opening coin flip: Heads - Higher # = Better Rank,Round 3 coin flip: Tails - Left Side is Defense
2,1060,1564,Δ,-5,Loss,2,0,6,2.0,Illinois State University A,St. Louis University A,False,False,False,False,,,,,,,,,,,,,,,,,,"St. Louis, Missouri Regional Tournament",St. Louis University in the St. Louis School of Law,,"February 09, 2019","February 10, 2019",Matthew Eslick,Frank Guliuzza,8th place after round 3: 3.5 Wins,Opening coin flip: Heads - Higher # = Better Rank,Round 3 coin flip: Tails - Left Side is Defense
2,1060,1564,Δ,-1,Loss,2,0,6,2.0,Illinois State University A,St. Louis University A,False,False,False,False,,,,,,,,,,,,,,,,,,"St. Louis, Missouri Regional Tournament",St. Louis University in the St. Louis School of Law,,"February 09, 2019","February 10, 2019",Matthew Eslick,Frank Guliuzza,8th place after round 3: 3.5 Wins,Opening coin flip: Heads - Higher # = Better Rank,Round 3 coin flip: Tails - Left Side is Defense
3,1060,1307,Π,4,Win,2,0,6,2.0,Illinois State University A,"University of Illinois, Springfield A",False,False,False,False,,,,,,,,,,,,,,,,,,"St. Louis, Missouri Regional Tournament",St. Louis University in the St. Louis School of Law,,"February 09, 2019","February 10, 2019",Matthew Eslick,Frank Guliuzza,8th place after round 3: 3.5 Wins,Opening coin flip: Heads - Higher # = Better Rank,Round 3 coin flip: Tails - Left Side is Defense
3,1060,1307,Π,-3,Loss,2,0,6,2.0,Illinois State University A,"University of Illinois, Springfield A",False,False,False,False,,,,,,,,,,,,,,,,,,"St. Louis, Missouri Regional Tournament",St. Louis University in the St. Louis School of Law,,"February 09, 2019","February 10, 2019",Matthew Eslick,Frank Guliuzza,8th place after round 3: 3.5 Wins,Opening coin flip: Heads - Higher # = Better Rank,Round 3 coin flip: Tails - Left Side is Defense
4,1060,1619,Δ,-24,Loss,2,0,6,2.0,Illinois State University A,University of Chicago D,False,False,False,False,,,,,,,,,,,,,,,,,,"St. Louis, Missouri Regional Tournament",St. Louis University in the St. Louis School of Law,,"February 09, 2019","February 10, 2019",Matthew Eslick,Frank Guliuzza,8th place after round 3: 3.5 Wins,Opening coin flip: Heads - Higher # = Better Rank,Round 3 coin flip: Tails - Left Side is Defense
4,1060,1619,Δ,-15,Loss,2,0,6,2.0,Illinois State University A,University of Chicago D,False,False,False,False,,,,,,,,,,,,,,,,,,"St. Louis, Missouri Regional Tournament",St. Louis University in the St. Louis School of Law,,"February 09, 2019","February 10, 2019",Matthew Eslick,Frank Guliuzza,8th place after round 3: 3.5 Wins,Opening coin flip: Heads - Higher # = Better Rank,Round 3 coin flip: Tails - Left Side is Defense
1,1114,1026,Δ,-3,Loss,1,1,6,1.5,Culver-Stockton College A,Quincy University A,False,False,False,False,,,,,,,,,,,,,,,,,,"St. Louis, Missouri Regional Tournament",St. Louis University in the St. Louis School of Law,,"February 09, 2019","February 10, 2019",Matthew Eslick,Frank Guliuzza,8th place after round 3: 3.5 Wins,Opening coin flip: Heads - Higher # = Better Rank,Round 3 coin flip: Tails - Left Side is Defense
1,1114,1026,Δ,14,Win,1,1,6,1.5,Culver-Stockton College A,Quincy University A,False,False,False,False,,,,,,,,,,,,,,,,,,"St. Louis, Missouri Regional Tournament",St. Louis University in the St. Louis School of Law,,"February 09, 2019","February 10, 2019",Matthew Eslick,Frank Guliuzza,8th place after round 3: 3.5 Wins,Opening coin flip: Heads - Higher # = Better Rank,Round 3 coin flip: Tails - Left Side is Defense
2,1114,1124,Π,-2,Loss,1,1,6,1.5,Culver-Stockton College A,Washington University in St. Louis B,False,False,False,False,,,,,,,,,,,,,,,,,,"St. Louis, Missouri Regional Tournament",St. Louis University in the St. Louis School of Law,,"February 09, 2019","February 10, 2019",Matthew Eslick,Frank Guliuzza,8th place after round 3: 3.5 Wins,Opening coin flip: Heads - Higher # = Better Rank,Round 3 coin flip: Tails - Left Side is Defense
2,1114,1124,Π,-15,Loss,1,1,6,1.5,Culver-Stockton College A,Washington University in St. Louis B,False,False,False,False,,,,,,,,,,,,,,,,,,"St. Louis, Missouri Regional Tournament",St. Louis University in the St. Louis School of Law,,"February 09, 2019","February 10, 2019",Matthew Eslick,Frank Guliuzza,8th place after round 3: 3.5 Wins,Opening coin flip: Heads - Higher # = Better Rank,Round 3 coin flip: Tails - Left Side is Defense
3,1114,1451,Π,-5,Loss,1,1,6,1.5,Culver-Stockton College A,"University of Wisconsin, Madison B",False,False,False,False,,,,,,,,,,,,,,,,,,"St. Louis, Missouri Regional Tournament",St. Louis University in the St. Louis School of Law,,"February 09, 2019","February 10, 2019",Matthew Eslick,Frank Guliuzza,8th place after round 3: 3.5 Wins,Opening coin flip: Heads - Higher # = Better Rank,Round 3 coin flip: Tails - Left Side is Defense
3,1114,1451,Π,0,Tie,1,1,6,1.5,Culver-Stockton College A,"University of Wisconsin, Madison B",False,False,False,False,,,,,,,,,,,,,,,,,,"St. Louis, Missouri Regional Tournament",St. Louis University in the St. Louis School of Law,,"February 09, 2019","February 10, 2019",Matthew Eslick,Frank Guliuzza,8th place after round 3: 3.5 Wins,Opening coin flip: Heads - Higher # = Better Rank,Round 3 coin flip: Tails - Left Side is Defense
4,1114,1238,Δ,-2,Loss,1,1,6,1.5,Culver-Stockton College A,Indiana University A,False,False,False,False,,,,,,,,,,,,,,,,,,"St. Louis, Missouri Regional Tournament",St. Louis University in the St. Louis School of Law,,"February 09, 2019","February 10, 2019",Matthew Eslick,Frank Guliuzza,8th place after round 3: 3.5 Wins,Opening coin flip: Heads - Higher # = Better Rank,Round 3 coin flip: Tails - Left Side is Defense
4,1114,1238,Δ,-19,Loss,1,1,6,1.5,Culver-Stockton College A,Indiana University A,False,False,False,False,,,,,,,,,,,,,,,,,,"St. Louis, Missouri Regional Tournament",St. Louis University in the St. Louis School of Law,,"February 09, 2019","February 10, 2019",Matthew Eslick,Frank Guliuzza,8th place after round 3: 3.5 Wins,Opening coin flip: Heads - Higher # = Better Rank,Round 3 coin flip: Tails - Left Side is Defense
1,1124,1147,Π,6,Win,5,0,3,5.0,Washington University in St. Louis B,Northern Illinois University B,False,False,False,False,,Yan Sun Washington University in St Louis,Witness,18,∏,Daniel Shumick,Attorney,18,∆,,,,,,,,,"St. Louis, Missouri Regional Tournament",St. Louis University in the St. Louis School of Law,,"February 09, 2019","February 10, 2019",Matthew Eslick,Frank Guliuzza,8th place after round 3: 3.5 Wins,Opening coin flip: Heads - Higher # = Better Rank,Round 3 coin flip: Tails - Left Side is Defense
1,1124,1147,Π,15,Win,5,0,3,5.0,Washington University in St. Louis B,Northern Illinois University B,False,False,False,False,,Yan Sun Washington University in St Louis,Witness,18,∏,Daniel Shumick,Attorney,18,∆,,,,,,,,,"St. Louis, Missouri Regional Tournament",St. Louis University in the St. Louis School of Law,,"February 09, 2019","February 10, 2019",Matthew Eslick,Frank Guliuzza,8th place after round 3: 3.5 Wins,Opening coin flip: Heads - Higher # = Better Rank,Round 3 coin flip: Tails - Left Side is Defense
2,1124,1114,Δ,2,Win,5,0,3,5.0,Washington University in St. Louis B,Culver-Stockton College A,False,False,False,False,,Yan Sun Washington University in St Louis,Witness,18,∏,Daniel Shumick,Attorney,18,∆,,,,,,,,,"St. Louis, Missouri Regional Tournament",St. Louis University in the St. Louis School of Law,,"February 09, 2019","February 10, 2019",Matthew Eslick,Frank Guliuzza,8th place after round 3: 3.5 Wins,Opening coin flip: Heads - Higher # = Better Rank,Round 3 coin flip: Tails - Left Side is Defense
2,1124,1114,Δ,15,Win,5,0,3,5.0,Washington University in St. Louis B,Culver-Stockton College A,False,False,False,False,,Yan Sun Washington University in St Louis,Witness,18,∏,Daniel Shumick,Attorney,18,∆,,,,,,,,,"St. Louis, Missouri Regional Tournament",St. Louis University in the St. Louis School of Law,,"February 09, 2019","February 10, 2019",Matthew Eslick,Frank Guliuzza,8th place after round 3: 3.5 Wins,Opening coin flip: Heads - Higher # = Better Rank,Round 3 coin flip: Tails - Left Side is Defense
3,1124,1238,Π,-2,Loss,5,0,3,5.0,Washington University in St. Louis B,Indiana University A,False,False,False,False,,Yan Sun Washington University in St Louis,Witness,18,∏,Daniel Shumick,Attorney,18,∆,,,,,,,,,"St. Louis, Missouri Regional Tournament",St. Louis University in the St. Louis School of Law,,"February 09, 2019","February 10, 2019",Matthew Eslick,Frank Guliuzza,8th place after round 3: 3.5 Wins,Opening coin flip: Heads - Higher # = Better Rank,Round 3 coin flip: Tails - Left Side is Defense
3,1124,1238,Π,-7,Loss,5,0,3,5.0,Washington University in St. Louis B,Indiana University A,False,False,False,False,,Yan Sun Washington University in St Louis,Witness,18,∏,Daniel Shumick,Attorney,18,∆,,,,,,,,,"St. Louis, Missouri Regional Tournament",St. Louis University in the St. Louis School of Law,,"February 09, 2019","February 10, 2019",Matthew Eslick,Frank Guliuzza,8th place after round 3: 3.5 Wins,Opening coin flip: Heads - Higher # = Better Rank,Round 3 coin flip: Tails - Left Side is Defense
4,1124,1307,Δ,14,Win,5,0,3,5.0,Washington University in St. Louis B,"University of Illinois, Springfield A",False,False,False,False,,Yan Sun Washington University in St Louis,Witness,18,∏,Daniel Shumick,Attorney,18,∆,,,,,,,,,"St. Louis, Missouri Regional Tournament",St. Louis University in the St. Louis School of Law,,"February 09, 2019","February 10, 2019",Matthew Eslick,Frank Guliuzza,8th place after round 3: 3.5 Wins,Opening coin flip: Heads - Higher # = Better Rank,Round 3 coin flip: Tails - Left Side is Defense
4,1124,1307,Δ,-2,Loss,5,0,3,5.0,Washington University in St. Louis B,"University of Illinois, Springfield A",False,False,False,False,,Yan Sun Washington University in St Louis,Witness,18,∏,Daniel Shumick,Attorney,18,∆,,,,,,,,,"St. Louis, Missouri Regional Tournament",St. Louis University in the St. Louis School of Law,,"February 09, 2019","February 10, 2019",Matthew Eslick,Frank Guliuzza,8th place after round 3: 3.5 Wins,Opening coin flip: Heads - Higher # = Better Rank,Round 3 coin flip: Tails - Left Side is Defense
1,1146,1239,Δ,6,Win,4,0,4,4.0,Northern Illinois University A,Indiana University B,False,False,False,False,,Paul Sandoval,Attorney,18,∏,,,,,,,,,,,,,"St. Louis, Missouri Regional Tournament",St. Louis University in the St. Louis School of Law,,"February 09, 2019","February 10, 2019",Matthew Eslick,Frank Guliuzza,8th place after round 3: 3.5 Wins,Opening coin flip: Heads - Higher # = Better Rank,Round 3 coin flip: Tails - Left Side is Defense
1,1146,1239,Δ,-2,Loss,4,0,4,4.0,Northern Illinois University A,Indiana University B,False,False,False,False,,Paul Sandoval,Attorney,18,∏,,,,,,,,,,,,,"St. Louis, Missouri Regional Tournament",St. Louis University in the St. Louis School of Law,,"February 09, 2019","February 10, 2019",Matthew Eslick,Frank Guliuzza,8th place after round 3: 3.5 Wins,Opening coin flip: Heads - Higher # = Better Rank,Round 3 coin flip: Tails - Left Side is Defense
2,1146,1619,Π,-1,Loss,4,0,4,4.0,Northern Illinois University A,University of Chicago D,False,False,False,False,,Paul Sandoval,Attorney,18,∏,,,,,,,,,,,,,"St. Louis, Missouri Regional Tournament",St. Louis University in the St. Louis School of Law,,"February 09, 2019","February 10, 2019",Matthew Eslick,Frank Guliuzza,8th place after round 3: 3.5 Wins,Opening coin flip: Heads - Higher # = Better Rank,Round 3 coin flip: Tails - Left Side is Defense
2,1146,1619,Π,8,Win,4,0,4,4.0,Northern Illinois University A,University of Chicago D,False,False,False,False,,Paul Sandoval,Attorney,18,∏,,,,,,,,,,,,,"St. Louis, Missouri Regional Tournament",St. Louis University in the St. Louis School of Law,,"February 09, 2019","February 10, 2019",Matthew Eslick,Frank Guliuzza,8th place after round 3: 3.5 Wins,Opening coin flip: Heads - Higher # = Better Rank,Round 3 coin flip: Tails - Left Side is Defense
3,1146,1450,Π,11,Win,4,0,4,4.0,Northern Illinois University A,"University of Wisconsin, Madison A",False,False,False,False,,Paul Sandoval,Attorney,18,∏,,,,,,,,,,,,,"St. Louis, Missouri Regional Tournament",St. Louis University in the St. Louis School of Law,,"February 09, 2019","February 10, 2019",Matthew Eslick,Frank Guliuzza,8th place after round 3: 3.5 Wins,Opening coin flip: Heads - Higher # = Better Rank,Round 3 coin flip: Tails - Left Side is Defense
3,1146,1450,Π,-2,Loss,4,0,4,4.0,Northern Illinois University A,"University of Wisconsin, Madison A",False,False,False,False,,Paul Sandoval,Attorney,18,∏,,,,,,,,,,,,,"St. Louis, Missouri Regional Tournament",St. Louis University in the St. Louis School of Law,,"February 09, 2019","February 10, 2019",Matthew Eslick,Frank Guliuzza,8th place after round 3: 3.5 Wins,Opening coin flip: Heads - Higher # = Better Rank,Round 3 coin flip: Tails - Left Side is Defense
4,1146,1451,Δ,-6,Loss,4,0,4,4.0,Northern Illinois University A,"University of Wisconsin, Madison B",False,False,False,False,,Paul Sandoval,Attorney,18,∏,,,,,,,,,,,,,"St. Louis, Missouri Regional Tournament",St. Louis University in the St. Louis School of Law,,"February 09, 2019","February 10, 2019",Matthew Eslick,Frank Guliuzza,8th place after round 3: 3.5 Wins,Opening coin flip: Heads - Higher # = Better Rank,Round 3 coin flip: Tails - Left Side is Defense
4,1146,1451,Δ,4,Win,4,0,4,4.0,Northern Illinois University A,"University of Wisconsin, Madison B",False,False,False,False,,Paul Sandoval,Attorney,18,∏,,,,,,,,,,,,,"St. Louis, Missouri Regional Tournament",St. Louis University in the St. Louis School of Law,,"February 09, 2019","February 10, 2019",Matthew Eslick,Frank Guliuzza,8th place after round 3: 3.5 Wins,Opening coin flip: Heads - Higher # = Better Rank,Round 3 coin flip: Tails - Left Side is Defense
1,1147,1124,Δ,-6,Loss,5,0,3,5.0,Northern Illinois University B,Washington University in St. Louis B,False,False,False,False,,,,,,,,,,,,,,,,,,"St. Louis, Missouri Regional Tournament",St. Louis University in the St. Louis School of Law,,"February 09, 2019","February 10, 2019",Matthew Eslick,Frank Guliuzza,8th place after round 3: 3.5 Wins,Opening coin flip: Heads - Higher # = Better Rank,Round 3 coin flip: Tails - Left Side is Defense
1,1147,1124,Δ,-15,Loss,5,0,3,5.0,Northern Illinois University B,Washington University in St. Louis B,False,False,False,False,,,,,,,,,,,,,,,,,,"St. Louis, Missouri Regional Tournament",St. Louis University in the St. Louis School of Law,,"February 09, 2019","February 10, 2019",Matthew Eslick,Frank Guliuzza,8th place after round 3: 3.5 Wins,Opening coin flip: Heads - Higher # = Better Rank,Round 3 coin flip: Tails - Left Side is Defense
2,1147,1026,Π,14,Win,5,0,3,5.0,Northern Illinois University B,Quincy University A,False,False,False,False,,,,,,,,,,,,,,,,,,"St. Louis, Missouri Regional Tournament",St. Louis University in the St. Louis School of Law,,"February 09, 2019","February 10, 2019",Matthew Eslick,Frank Guliuzza,8th place after round 3: 3.5 Wins,Opening coin flip: Heads - Higher # = Better Rank,Round 3 coin flip: Tails - Left Side is Defense
2,1147,1026,Π,3,Win,5,0,3,5.0,Northern Illinois University B,Quincy University A,False,False,False,False,,,,,,,,,,,,,,,,,,"St. Louis, Missouri Regional Tournament",St. Louis University in the St. Louis School of Law,,"February 09, 2019","February 10, 2019",Matthew Eslick,Frank Guliuzza,8th place after round 3: 3.5 Wins,Opening coin flip: Heads - Higher # = Better Rank,Round 3 coin flip: Tails - Left Side is Defense
3,1147,1565,Δ,6,Win,5,0,3,5.0,Northern Illinois University B,St. Louis University B,False,False,False,False,,,,,,,,,,,,,,,,,,"St. Louis, Missouri Regional Tournament",St. Louis University in the St. Louis School of Law,,"February 09, 2019","February 10, 2019",Matthew Eslick,Frank Guliuzza,8th place after round 3: 3.5 Wins,Opening coin flip: Heads - Higher # = Better Rank,Round 3 coin flip: Tails - Left Side is Defense
3,1147,1565,Δ,7,Win,5,0,3,5.0,Northern Illinois University B,St. Louis University B,False,False,False,False,,,,,,,,,,,,,,,,,,"St. Louis, Missouri Regional Tournament",St. Louis University in the St. Louis School of Law,,"February 09, 2019","February 10, 2019",Matthew Eslick,Frank Guliuzza,8th place after round 3: 3.5 Wins,Opening coin flip: Heads - Higher # = Better Rank,Round 3 coin flip: Tails - Left Side is Defense
4,1147,1182,Π,-2,Loss,5,0,3,5.0,Northern Illinois University B,Central College A,False,False,False,False,,,,,,,,,,,,,,,,,,"St. Louis, Missouri Regional Tournament",St. Louis University in the St. Louis School of Law,,"February 09, 2019","February 10, 2019",Matthew Eslick,Frank Guliuzza,8th place after round 3: 3.5 Wins,Opening coin flip: Heads - Higher # = Better Rank,Round 3 coin flip: Tails - Left Side is Defense
4,1147,1182,Π,1,Win,5,0,3,5.0,Northern Illinois University B,Central College A,False,False,False,False,,,,,,,,,,,,,,,,,,"St. Louis, Missouri Regional Tournament",St. Louis University in the St. Louis School of Law,,"February 09, 2019","February 10, 2019",Matthew Eslick,Frank Guliuzza,8th place after round 3: 3.5 Wins,Opening coin flip: Heads - Higher # = Better Rank,Round 3 coin flip: Tails - Left Side is Defense
1,1182,1450,Δ,-15,Loss,3,1,4,3.5,Central College A,"University of Wisconsin, Madison A",False,False,False,False,,,,,,,,,,,,,,,,,,"St. Louis, Missouri Regional Tournament",St. Louis University in the St. Louis School of Law,,"February 09, 2019","February 10, 2019",Matthew Eslick,Frank Guliuzza,8th place after round 3: 3.5 Wins,Opening coin flip: Heads - Higher # = Better Rank,Round 3 coin flip: Tails - Left Side is Defense
1,1182,1450,Δ,-16,Loss,3,1,4,3.5,Central College A,"University of Wisconsin, Madison A",False,False,False,False,,,,,,,,,,,,,,,,,,"St. Louis, Missouri Regional Tournament",St. Louis University in the St. Louis School of Law,,"February 09, 2019","February 10, 2019",Matthew Eslick,Frank Guliuzza,8th place after round 3: 3.5 Wins,Opening coin flip: Heads - Higher # = Better Rank,Round 3 coin flip: Tails - Left Side is Defense
2,1182,1451,Π,0,Tie,3,1,4,3.5,Central College A,"University of Wisconsin, Madison B",False,False,False,False,,,,,,,,,,,,,,,,,,"St. Louis, Missouri Regional Tournament",St. Louis University in the St. Louis School of Law,,"February 09, 2019","February 10, 2019",Matthew Eslick,Frank Guliuzza,8th place after round 3: 3.5 Wins,Opening coin flip: Heads - Higher # = Better Rank,Round 3 coin flip: Tails - Left Side is Defense
2,1182,1451,Π,-7,Loss,3,1,4,3.5,Central College A,"University of Wisconsin, Madison B",False,False,False,False,,,,,,,,,,,,,,,,,,"St. Louis, Missouri Regional Tournament",St. Louis University in the St. Louis School of Law,,"February 09, 2019","February 10, 2019",Matthew Eslick,Frank Guliuzza,8th place after round 3: 3.5 Wins,Opening coin flip: Heads - Higher # = Better Rank,Round 3 coin flip: Tails - Left Side is Defense
3,1182,1027,Π,19,Win,3,1,4,3.5,Central College A,Quincy University B,False,False,False,False,,,,,,,,,,,,,,,,,,"St. Louis, Missouri Regional Tournament",St. Louis University in the St. Louis School of Law,,"February 09, 2019","February 10, 2019",Matthew Eslick,Frank Guliuzza,8th place after round 3: 3.5 Wins,Opening coin flip: Heads - Higher # = Better Rank,Round 3 coin flip: Tails - Left Side is Defense
3,1182,1027,Π,7,Win,3,1,4,3.5,Central College A,Quincy University B,False,False,False,False,,,,,,,,,,,,,,,,,,"St. Louis, Missouri Regional Tournament",St. Louis University in the St. Louis School of Law,,"February 09, 2019","February 10, 2019",Matthew Eslick,Frank Guliuzza,8th place after round 3: 3.5 Wins,Opening coin flip: Heads - Higher # = Better Rank,Round 3 coin flip: Tails - Left Side is Defense
4,1182,1147,Δ,2,Win,3,1,4,3.5,Central College A,Northern Illinois University B,False,False,False,False,,,,,,,,,,,,,,,,,,"St. Louis, Missouri Regional Tournament",St. Louis University in the St. Louis School of Law,,"February 09, 2019","February 10, 2019",Matthew Eslick,Frank Guliuzza,8th place after round 3: 3.5 Wins,Opening coin flip: Heads - Higher # = Better Rank,Round 3 coin flip: Tails - Left Side is Defense
4,1182,1147,Δ,-1,Loss,3,1,4,3.5,Central College A,Northern Illinois University B,False,False,False,False,,,,,,,,,,,,,,,,,,"St. Louis, Missouri Regional Tournament",St. Louis University in the St. Louis School of Law,,"February 09, 2019","February 10, 2019",Matthew Eslick,Frank Guliuzza,8th place after round 3: 3.5 Wins,Opening coin flip: Heads - Higher # = Better Rank,Round 3 coin flip: Tails - Left Side is Defense
1,1238,1451,Δ,14,Win,8,0,0,8.0,Indiana University A,"University of Wisconsin, Madison B",False,False,False,False,,Paul Sandoval,Witness,20,∆,Mallory Haag,Witness,17,∏,Julia Greve,Attorney,19,∆,Jack Conklin Bye-Buster Team,Attorney,17,∆,"St. Louis, Missouri Regional Tournament",St. Louis University in the St. Louis School of Law,,"February 09, 2019","February 10, 2019",Matthew Eslick,Frank Guliuzza,8th place after round 3: 3.5 Wins,Opening coin flip: Heads - Higher # = Better Rank,Round 3 coin flip: Tails - Left Side is Defense
1,1238,1451,Δ,6,Win,8,0,0,8.0,Indiana University A,"University of Wisconsin, Madison B",False,False,False,False,,Paul Sandoval,Witness,20,∆,Mallory Haag,Witness,17,∏,Julia Greve,Attorney,19,∆,Jack Conklin Bye-Buster Team,Attorney,17,∆,"St. Louis, Missouri Regional Tournament",St. Louis University in the St. Louis School of Law,,"February 09, 2019","February 10, 2019",Matthew Eslick,Frank Guliuzza,8th place after round 3: 3.5 Wins,Opening coin flip: Heads - Higher # = Better Rank,Round 3 coin flip: Tails - Left Side is Defense
2,1238,1565,Π,21,Win,8,0,0,8.0,Indiana University A,St. Louis University B,False,False,False,False,,Paul Sandoval,Witness,20,∆,Mallory Haag,Witness,17,∏,Julia Greve,Attorney,19,∆,Jack Conklin Bye-Buster Team,Attorney,17,∆,"St. Louis, Missouri Regional Tournament",St. Louis University in the St. Louis School of Law,,"February 09, 2019","February 10, 2019",Matthew Eslick,Frank Guliuzza,8th place after round 3: 3.5 Wins,Opening coin flip: Heads - Higher # = Better Rank,Round 3 coin flip: Tails - Left Side is Defense
2,1238,1565,Π,18,Win,8,0,0,8.0,Indiana University A,St. Louis University B,False,False,False,False,,Paul Sandoval,Witness,20,∆,Mallory Haag,Witness,17,∏,Julia Greve,Attorney,19,∆,Jack Conklin Bye-Buster Team,Attorney,17,∆,"St. Louis, Missouri Regional Tournament",St. Louis University in the St. Louis School of Law,,"February 09, 2019","February 10, 2019",Matthew Eslick,Frank Guliuzza,8th place after round 3: 3.5 Wins,Opening coin flip: Heads - Higher # = Better Rank,Round 3 coin flip: Tails - Left Side is Defense
3,1238,1124,Δ,2,Win,8,0,0,8.0,Indiana University A,Washington University in St. Louis B,False,False,False,False,,Paul Sandoval,Witness,20,∆,Mallory Haag,Witness,17,∏,Julia Greve,Attorney,19,∆,Jack Conklin Bye-Buster Team,Attorney,17,∆,"St. Louis, Missouri Regional Tournament",St. Louis University in the St. Louis School of Law,,"February 09, 2019","February 10, 2019",Matthew Eslick,Frank Guliuzza,8th place after round 3: 3.5 Wins,Opening coin flip: Heads - Higher # = Better Rank,Round 3 coin flip: Tails - Left Side is Defense
3,1238,1124,Δ,7,Win,8,0,0,8.0,Indiana University A,Washington University in St. Louis B,False,False,False,False,,Paul Sandoval,Witness,20,∆,Mallory Haag,Witness,17,∏,Julia Greve,Attorney,19,∆,Jack Conklin Bye-Buster Team,Attorney,17,∆,"St. Louis, Missouri Regional Tournament",St. Louis University in the St. Louis School of Law,,"February 09, 2019","February 10, 2019",Matthew Eslick,Frank Guliuzza,8th place after round 3: 3.5 Wins,Opening coin flip: Heads - Higher # = Better Rank,Round 3 coin flip: Tails - Left Side is Defense
4,1238,1114,Π,2,Win,8,0,0,8.0,Indiana University A,Culver-Stockton College A,False,False,False,False,,Paul Sandoval,Witness,20,∆,Mallory Haag,Witness,17,∏,Julia Greve,Attorney,19,∆,Jack Conklin Bye-Buster Team,Attorney,17,∆,"St. Louis, Missouri Regional Tournament",St. Louis University in the St. Louis School of Law,,"February 09, 2019","February 10, 2019",Matthew Eslick,Frank Guliuzza,8th place after round 3: 3.5 Wins,Opening coin flip: Heads - Higher # = Better Rank,Round 3 coin flip: Tails - Left Side is Defense
4,1238,1114,Π,19,Win,8,0,0,8.0,Indiana University A,Culver-Stockton College A,False,False,False,False,,Paul Sandoval,Witness,20,∆,Mallory Haag,Witness,17,∏,Julia Greve,Attorney,19,∆,Jack Conklin Bye-Buster Team,Attorney,17,∆,"St. Louis, Missouri Regional Tournament",St. Louis University in the St. Louis School of Law,,"February 09, 2019","February 10, 2019",Matthew Eslick,Frank Guliuzza,8th place after round 3: 3.5 Wins,Opening coin flip: Heads - Higher # = Better Rank,Round 3 coin flip: Tails - Left Side is Defense
1,1239,1146,Π,-6,Loss,5,1,2,5.5,Indiana University B,Northern Illinois University A,False,False,False,False,,Sarah Tinaphong,Attorney,18,∏,,,,,,,,,,,,,"St. Louis, Missouri Regional Tournament",St. Louis University in the St. Louis School of Law,,"February 09, 2019","February 10, 2019",Matthew Eslick,Frank Guliuzza,8th place after round 3: 3.5 Wins,Opening coin flip: Heads - Higher # = Better Rank,Round 3 coin flip: Tails - Left Side is Defense
1,1239,1146,Π,2,Win,5,1,2,5.5,Indiana University B,Northern Illinois University A,False,False,False,False,,Sarah Tinaphong,Attorney,18,∏,,,,,,,,,,,,,"St. Louis, Missouri Regional Tournament",St. Louis University in the St. Louis School of Law,,"February 09, 2019","February 10, 2019",Matthew Eslick,Frank Guliuzza,8th place after round 3: 3.5 Wins,Opening coin flip: Heads - Higher # = Better Rank,Round 3 coin flip: Tails - Left Side is Defense
2,1239,1307,Δ,4,Win,5,1,2,5.5,Indiana University B,"University of Illinois, Springfield A",False,False,False,False,,Sarah Tinaphong,Attorney,18,∏,,,,,,,,,,,,,"St. Louis, Missouri Regional Tournament",St. Louis University in the St. Louis School of Law,,"February 09, 2019","February 10, 2019",Matthew Eslick,Frank Guliuzza,8th place after round 3: 3.5 Wins,Opening coin flip: Heads - Higher # = Better Rank,Round 3 coin flip: Tails - Left Side is Defense
2,1239,1307,Δ,8,Win,5,1,2,5.5,Indiana University B,"University of Illinois, Springfield A",False,False,False,False,,Sarah Tinaphong,Attorney,18,∏,,,,,,,,,,,,,"St. Louis, Missouri Regional Tournament",St. Louis University in the St. Louis School of Law,,"February 09, 2019","February 10, 2019",Matthew Eslick,Frank Guliuzza,8th place after round 3: 3.5 Wins,Opening coin flip: Heads - Higher # = Better Rank,Round 3 coin flip: Tails - Left Side is Defense
3,1239,1618,Δ,0,Tie,5,1,2,5.5,Indiana University B,University of Chicago C,False,False,False,False,,Sarah Tinaphong,Attorney,18,∏,,,,,,,,,,,,,"St. Louis, Missouri Regional Tournament",St. Louis University in the St. Louis School of Law,,"February 09, 2019","February 10, 2019",Matthew Eslick,Frank Guliuzza,8th place after round 3: 3.5 Wins,Opening coin flip: Heads - Higher # = Better Rank,Round 3 coin flip: Tails - Left Side is Defense
3,1239,1618,Δ,-20,Loss,5,1,2,5.5,Indiana University B,University of Chicago C,False,False,False,False,,Sarah Tinaphong,Attorney,18,∏,,,,,,,,,,,,,"St. Louis, Missouri Regional Tournament",St. Louis University in the St. Louis School of Law,,"February 09, 2019","February 10, 2019",Matthew Eslick,Frank Guliuzza,8th place after round 3: 3.5 Wins,Opening coin flip: Heads - Higher # = Better Rank,Round 3 coin flip: Tails - Left Side is Defense
4,1239,1565,Π,12,Win,5,1,2,5.5,Indiana University B,St. Louis University B,False,False,False,False,,Sarah Tinaphong,Attorney,18,∏,,,,,,,,,,,,,"St. Louis, Missouri Regional Tournament",St. Louis University in the St. Louis School of Law,,"February 09, 2019","February 10, 2019",Matthew Eslick,Frank Guliuzza,8th place after round 3: 3.5 Wins,Opening coin flip: Heads - Higher # = Better Rank,Round 3 coin flip: Tails - Left Side is Defense
4,1239,1565,Π,16,Win,5,1,2,5.5,Indiana University B,St. Louis University B,False,False,False,False,,Sarah Tinaphong,Attorney,18,∏,,,,,,,,,,,,,"St. Louis, Missouri Regional Tournament",St. Louis University in the St. Louis School of Law,,"February 09, 2019","February 10, 2019",Matthew Eslick,Frank Guliuzza,8th place after round 3: 3.5 Wins,Opening coin flip: Heads - Higher # = Better Rank,Round 3 coin flip: Tails - Left Side is Defense
1,1307,1696,Δ,-9,Loss,3,0,5,3.0,"University of Illinois, Springfield A",Washington University in St. Louis C,False,False,False,False,,,,,,,,,,,,,,,,,,"St. Louis, Missouri Regional Tournament",St. Louis University in the St. Louis School of Law,,"February 09, 2019","February 10, 2019",Matthew Eslick,Frank Guliuzza,8th place after round 3: 3.5 Wins,Opening coin flip: Heads - Higher # = Better Rank,Round 3 coin flip: Tails - Left Side is Defense
1,1307,1696,Δ,3,Win,3,0,5,3.0,"University of Illinois, Springfield A",Washington University in St. Louis C,False,False,False,False,,,,,,,,,,,,,,,,,,"St. Louis, Missouri Regional Tournament",St. Louis University in the St. Louis School of Law,,"February 09, 2019","February 10, 2019",Matthew Eslick,Frank Guliuzza,8th place after round 3: 3.5 Wins,Opening coin flip: Heads - Higher # = Better Rank,Round 3 coin flip: Tails - Left Side is Defense
2,1307,1239,Π,-4,Loss,3,0,5,3.0,"University of Illinois, Springfield A",Indiana University B,False,False,False,False,,,,,,,,,,,,,,,,,,"St. Louis, Missouri Regional Tournament",St. Louis University in the St. Louis School of Law,,"February 09, 2019","February 10, 2019",Matthew Eslick,Frank Guliuzza,8th place after round 3: 3.5 Wins,Opening coin flip: Heads - Higher # = Better Rank,Round 3 coin flip: Tails - Left Side is Defense
2,1307,1239,Π,-8,Loss,3,0,5,3.0,"University of Illinois, Springfield A",Indiana University B,False,False,False,False,,,,,,,,,,,,,,,,,,"St. Louis, Missouri Regional Tournament",St. Louis University in the St. Louis School of Law,,"February 09, 2019","February 10, 2019",Matthew Eslick,Frank Guliuzza,8th place after round 3: 3.5 Wins,Opening coin flip: Heads - Higher # = Better Rank,Round 3 coin flip: Tails - Left Side is Defense
3,1307,1060,Δ,-4,Loss,3,0,5,3.0,"University of Illinois, Springfield A",Illinois State University A,False,False,False,False,,,,,,,,,,,,,,,,,,"St. Louis, Missouri Regional Tournament",St. Louis University in the St. Louis School of Law,,"February 09, 2019","February 10, 2019",Matthew Eslick,Frank Guliuzza,8th place after round 3: 3.5 Wins,Opening coin flip: Heads - Higher # = Better Rank,Round 3 coin flip: Tails - Left Side is Defense
3,1307,1060,Δ,3,Win,3,0,5,3.0,"University of Illinois, Springfield A",Illinois State University A,False,False,False,False,,,,,,,,,,,,,,,,,,"St. Louis, Missouri Regional Tournament",St. Louis University in the St. Louis School of Law,,"February 09, 2019","February 10, 2019",Matthew Eslick,Frank Guliuzza,8th place after round 3: 3.5 Wins,Opening coin flip: Heads - Higher # = Better Rank,Round 3 coin flip: Tails - Left Side is Defense
4,1307,1124,Π,-14,Loss,3,0,5,3.0,"University of Illinois, Springfield A",Washington University in St. Louis B,False,False,False,False,,,,,,,,,,,,,,,,,,"St. Louis, Missouri Regional Tournament",St. Louis University in the St. Louis School of Law,,"February 09, 2019","February 10, 2019",Matthew Eslick,Frank Guliuzza,8th place after round 3: 3.5 Wins,Opening coin flip: Heads - Higher # = Better Rank,Round 3 coin flip: Tails - Left Side is Defense
4,1307,1124,Π,2,Win,3,0,5,3.0,"University of Illinois, Springfield A",Washington University in St. Louis B,False,False,False,False,,,,,,,,,,,,,,,,,,"St. Louis, Missouri Regional Tournament",St. Louis University in the St. Louis School of Law,,"February 09, 2019","February 10, 2019",Matthew Eslick,Frank Guliuzza,8th place after round 3: 3.5 Wins,Opening coin flip: Heads - Higher # = Better Rank,Round 3 coin flip: Tails - Left Side is Defense
1,1450,1182,Π,15,Win,5,0,3,5.0,"University of Wisconsin, Madison A",Central College A,False,False,False,False,,,,,,,,,,,,,,,,,,"St. Louis, Missouri Regional Tournament",St. Louis University in the St. Louis School of Law,,"February 09, 2019","February 10, 2019",Matthew Eslick,Frank Guliuzza,8th place after round 3: 3.5 Wins,Opening coin flip: Heads - Higher # = Better Rank,Round 3 coin flip: Tails - Left Side is Defense
1,1450,1182,Π,16,Win,5,0,3,5.0,"University of Wisconsin, Madison A",Central College A,False,False,False,False,,,,,,,,,,,,,,,,,,"St. Louis, Missouri Regional Tournament",St. Louis University in the St. Louis School of Law,,"February 09, 2019","February 10, 2019",Matthew Eslick,Frank Guliuzza,8th place after round 3: 3.5 Wins,Opening coin flip: Heads - Higher # = Better Rank,Round 3 coin flip: Tails - Left Side is Defense
2,1450,1566,Δ,-11,Loss,5,0,3,5.0,"University of Wisconsin, Madison A",University of Cincinnati A,False,False,False,False,,,,,,,,,,,,,,,,,,"St. Louis, Missouri Regional Tournament",St. Louis University in the St. Louis School of Law,,"February 09, 2019","February 10, 2019",Matthew Eslick,Frank Guliuzza,8th place after round 3: 3.5 Wins,Opening coin flip: Heads - Higher # = Better Rank,Round 3 coin flip: Tails - Left Side is Defense
2,1450,1566,Δ,-8,Loss,5,0,3,5.0,"University of Wisconsin, Madison A",University of Cincinnati A,False,False,False,False,,,,,,,,,,,,,,,,,,"St. Louis, Missouri Regional Tournament",St. Louis University in the St. Louis School of Law,,"February 09, 2019","February 10, 2019",Matthew Eslick,Frank Guliuzza,8th place after round 3: 3.5 Wins,Opening coin flip: Heads - Higher # = Better Rank,Round 3 coin flip: Tails - Left Side is Defense
3,1450,1146,Δ,-11,Loss,5,0,3,5.0,"University of Wisconsin, Madison A",Northern Illinois University A,False,False,False,False,,,,,,,,,,,,,,,,,,"St. Louis, Missouri Regional Tournament",St. Louis University in the St. Louis School of Law,,"February 09, 2019","February 10, 2019",Matthew Eslick,Frank Guliuzza,8th place after round 3: 3.5 Wins,Opening coin flip: Heads - Higher # = Better Rank,Round 3 coin flip: Tails - Left Side is Defense
3,1450,1146,Δ,2,Win,5,0,3,5.0,"University of Wisconsin, Madison A",Northern Illinois University A,False,False,False,False,,,,,,,,,,,,,,,,,,"St. Louis, Missouri Regional Tournament",St. Louis University in the St. Louis School of Law,,"February 09, 2019","February 10, 2019",Matthew Eslick,Frank Guliuzza,8th place after round 3: 3.5 Wins,Opening coin flip: Heads - Higher # = Better Rank,Round 3 coin flip: Tails - Left Side is Defense
4,1450,1457,Π,9,Win,5,0,3,5.0,"University of Wisconsin, Madison A",Western Illinois University A,False,False,False,False,,,,,,,,,,,,,,,,,,"St. Louis, Missouri Regional Tournament",St. Louis University in the St. Louis School of Law,,"February 09, 2019","February 10, 2019",Matthew Eslick,Frank Guliuzza,8th place after round 3: 3.5 Wins,Opening coin flip: Heads - Higher # = Better Rank,Round 3 coin flip: Tails - Left Side is Defense
4,1450,1457,Π,22,Win,5,0,3,5.0,"University of Wisconsin, Madison A",Western Illinois University A,False,False,False,False,,,,,,,,,,,,,,,,,,"St. Louis, Missouri Regional Tournament",St. Louis University in the St. Louis School of Law,,"February 09, 2019","February 10, 2019",Matthew Eslick,Frank Guliuzza,8th place after round 3: 3.5 Wins,Opening coin flip: Heads - Higher # = Better Rank,Round 3 coin flip: Tails - Left Side is Defense
1,1451,1238,Π,-14,Loss,3,2,3,4.0,"University of Wisconsin, Madison B",Indiana University A,False,False,False,False,,Noah Browjn,Witness,20,∆,Jack Hoagland,Attorney,18,∏,,,,,,,,,"St. Louis, Missouri Regional Tournament",St. Louis University in the St. Louis School of Law,,"February 09, 2019","February 10, 2019",Matthew Eslick,Frank Guliuzza,8th place after round 3: 3.5 Wins,Opening coin flip: Heads - Higher # = Better Rank,Round 3 coin flip: Tails - Left Side is Defense
1,1451,1238,Π,-6,Loss,3,2,3,4.0,"University of Wisconsin, Madison B",Indiana University A,False,False,False,False,,Noah Browjn,Witness,20,∆,Jack Hoagland,Attorney,18,∏,,,,,,,,,"St. Louis, Missouri Regional Tournament",St. Louis University in the St. Louis School of Law,,"February 09, 2019","February 10, 2019",Matthew Eslick,Frank Guliuzza,8th place after round 3: 3.5 Wins,Opening coin flip: Heads - Higher # = Better Rank,Round 3 coin flip: Tails - Left Side is Defense
2,1451,1182,Δ,0,Tie,3,2,3,4.0,"University of Wisconsin, Madison B",Central College A,False,False,False,False,,Noah Browjn,Witness,20,∆,Jack Hoagland,Attorney,18,∏,,,,,,,,,"St. Louis, Missouri Regional Tournament",St. Louis University in the St. Louis School of Law,,"February 09, 2019","February 10, 2019",Matthew Eslick,Frank Guliuzza,8th place after round 3: 3.5 Wins,Opening coin flip: Heads - Higher # = Better Rank,Round 3 coin flip: Tails - Left Side is Defense
2,1451,1182,Δ,7,Win,3,2,3,4.0,"University of Wisconsin, Madison B",Central College A,False,False,False,False,,Noah Browjn,Witness,20,∆,Jack Hoagland,Attorney,18,∏,,,,,,,,,"St. Louis, Missouri Regional Tournament",St. Louis University in the St. Louis School of Law,,"February 09, 2019","February 10, 2019",Matthew Eslick,Frank Guliuzza,8th place after round 3: 3.5 Wins,Opening coin flip: Heads - Higher # = Better Rank,Round 3 coin flip: Tails - Left Side is Defense
3,1451,1114,Δ,5,Win,3,2,3,4.0,"University of Wisconsin, Madison B",Culver-Stockton College A,False,False,False,False,,Noah Browjn,Witness,20,∆,Jack Hoagland,Attorney,18,∏,,,,,,,,,"St. Louis, Missouri Regional Tournament",St. Louis University in the St. Louis School of Law,,"February 09, 2019","February 10, 2019",Matthew Eslick,Frank Guliuzza,8th place after round 3: 3.5 Wins,Opening coin flip: Heads - Higher # = Better Rank,Round 3 coin flip: Tails - Left Side is Defense
3,1451,1114,Δ,0,Tie,3,2,3,4.0,"University of Wisconsin, Madison B",Culver-Stockton College A,False,False,False,False,,Noah Browjn,Witness,20,∆,Jack Hoagland,Attorney,18,∏,,,,,,,,,"St. Louis, Missouri Regional Tournament",St. Louis University in the St. Louis School of Law,,"February 09, 2019","February 10, 2019",Matthew Eslick,Frank Guliuzza,8th place after round 3: 3.5 Wins,Opening coin flip: Heads - Higher # = Better Rank,Round 3 coin flip: Tails - Left Side is Defense
4,1451,1146,Π,6,Win,3,2,3,4.0,"University of Wisconsin, Madison B",Northern Illinois University A,False,False,False,False,,Noah Browjn,Witness,20,∆,Jack Hoagland,Attorney,18,∏,,,,,,,,,"St. Louis, Missouri Regional Tournament",St. Louis University in the St. Louis School of Law,,"February 09, 2019","February 10, 2019",Matthew Eslick,Frank Guliuzza,8th place after round 3: 3.5 Wins,Opening coin flip: Heads - Higher # = Better Rank,Round 3 coin flip: Tails - Left Side is Defense
4,1451,1146,Π,-4,Loss,3,2,3,4.0,"University of Wisconsin, Madison B",Northern Illinois University A,False,False,False,False,,Noah Browjn,Witness,20,∆,Jack Hoagland,Attorney,18,∏,,,,,,,,,"St. Louis, Missouri Regional Tournament",St. Louis University in the St. Louis School of Law,,"February 09, 2019","February 10, 2019",Matthew Eslick,Frank Guliuzza,8th place after round 3: 3.5 Wins,Opening coin flip: Heads - Higher # = Better Rank,Round 3 coin flip: Tails - Left Side is Defense
1,1457,1801,Π,-12,Loss,2,0,6,2.0,Western Illinois University A,Bye Bust Team,False,False,False,False,,,,,,,,,,,,,,,,,,"St. Louis, Missouri Regional Tournament",St. Louis University in the St. Louis School of Law,,"February 09, 2019","February 10, 2019",Matthew Eslick,Frank Guliuzza,8th place after round 3: 3.5 Wins,Opening coin flip: Heads - Higher # = Better Rank,Round 3 coin flip: Tails - Left Side is Defense
1,1457,1801,Π,-8,Loss,2,0,6,2.0,Western Illinois University A,Bye Bust Team,False,False,False,False,,,,,,,,,,,,,,,,,,"St. Louis, Missouri Regional Tournament",St. Louis University in the St. Louis School of Law,,"February 09, 2019","February 10, 2019",Matthew Eslick,Frank Guliuzza,8th place after round 3: 3.5 Wins,Opening coin flip: Heads - Higher # = Better Rank,Round 3 coin flip: Tails - Left Side is Defense
2,1457,1608,Δ,10,Win,2,0,6,2.0,Western Illinois University A,Culver-Stockton College B,False,False,False,False,,,,,,,,,,,,,,,,,,"St. Louis, Missouri Regional Tournament",St. Louis University in the St. Louis School of Law,,"February 09, 2019","February 10, 2019",Matthew Eslick,Frank Guliuzza,8th place after round 3: 3.5 Wins,Opening coin flip: Heads - Higher # = Better Rank,Round 3 coin flip: Tails - Left Side is Defense
2,1457,1608,Δ,3,Win,2,0,6,2.0,Western Illinois University A,Culver-Stockton College B,False,False,False,False,,,,,,,,,,,,,,,,,,"St. Louis, Missouri Regional Tournament",St. Louis University in the St. Louis School of Law,,"February 09, 2019","February 10, 2019",Matthew Eslick,Frank Guliuzza,8th place after round 3: 3.5 Wins,Opening coin flip: Heads - Higher # = Better Rank,Round 3 coin flip: Tails - Left Side is Defense
3,1457,1564,Π,-21,Loss,2,0,6,2.0,Western Illinois University A,St. Louis University A,False,False,False,False,,,,,,,,,,,,,,,,,,"St. Louis, Missouri Regional Tournament",St. Louis University in the St. Louis School of Law,,"February 09, 2019","February 10, 2019",Matthew Eslick,Frank Guliuzza,8th place after round 3: 3.5 Wins,Opening coin flip: Heads - Higher # = Better Rank,Round 3 coin flip: Tails - Left Side is Defense
3,1457,1564,Π,-10,Loss,2,0,6,2.0,Western Illinois University A,St. Louis University A,False,False,False,False,,,,,,,,,,,,,,,,,,"St. Louis, Missouri Regional Tournament",St. Louis University in the St. Louis School of Law,,"February 09, 2019","February 10, 2019",Matthew Eslick,Frank Guliuzza,8th place after round 3: 3.5 Wins,Opening coin flip: Heads - Higher # = Better Rank,Round 3 coin flip: Tails - Left Side is Defense
4,1457,1450,Δ,-9,Loss,2,0,6,2.0,Western Illinois University A,"University of Wisconsin, Madison A",False,False,False,False,,,,,,,,,,,,,,,,,,"St. Louis, Missouri Regional Tournament",St. Louis University in the St. Louis School of Law,,"February 09, 2019","February 10, 2019",Matthew Eslick,Frank Guliuzza,8th place after round 3: 3.5 Wins,Opening coin flip: Heads - Higher # = Better Rank,Round 3 coin flip: Tails - Left Side is Defense
4,1457,1450,Δ,-22,Loss,2,0,6,2.0,Western Illinois University A,"University of Wisconsin, Madison A",False,False,False,False,,,,,,,,,,,,,,,,,,"St. Louis, Missouri Regional Tournament",St. Louis University in the St. Louis School of Law,,"February 09, 2019","February 10, 2019",Matthew Eslick,Frank Guliuzza,8th place after round 3: 3.5 Wins,Opening coin flip: Heads - Higher # = Better Rank,Round 3 coin flip: Tails - Left Side is Defense
1,1564,1619,Δ,-3,Loss,5,0,3,5.0,St. Louis University A,University of Chicago D,False,False,False,False,,Dylan McCloskey,Witness,18,∆,Roma Shah Bye-Buster Team,Attorney,17,∆,,,,,,,,,"St. Louis, Missouri Regional Tournament",St. Louis University in the St. Louis School of Law,,"February 09, 2019","February 10, 2019",Matthew Eslick,Frank Guliuzza,8th place after round 3: 3.5 Wins,Opening coin flip: Heads - Higher # = Better Rank,Round 3 coin flip: Tails - Left Side is Defense
1,1564,1619,Δ,-3,Loss,5,0,3,5.0,St. Louis University A,University of Chicago D,False,False,False,False,,Dylan McCloskey,Witness,18,∆,Roma Shah Bye-Buster Team,Attorney,17,∆,,,,,,,,,"St. Louis, Missouri Regional Tournament",St. Louis University in the St. Louis School of Law,,"February 09, 2019","February 10, 2019",Matthew Eslick,Frank Guliuzza,8th place after round 3: 3.5 Wins,Opening coin flip: Heads - Higher # = Better Rank,Round 3 coin flip: Tails - Left Side is Defense
2,1564,1060,Π,5,Win,5,0,3,5.0,St. Louis University A,Illinois State University A,False,False,False,False,,Dylan McCloskey,Witness,18,∆,Roma Shah Bye-Buster Team,Attorney,17,∆,,,,,,,,,"St. Louis, Missouri Regional Tournament",St. Louis University in the St. Louis School of Law,,"February 09, 2019","February 10, 2019",Matthew Eslick,Frank Guliuzza,8th place after round 3: 3.5 Wins,Opening coin flip: Heads - Higher # = Better Rank,Round 3 coin flip: Tails - Left Side is Defense
2,1564,1060,Π,1,Win,5,0,3,5.0,St. Louis University A,Illinois State University A,False,False,False,False,,Dylan McCloskey,Witness,18,∆,Roma Shah Bye-Buster Team,Attorney,17,∆,,,,,,,,,"St. Louis, Missouri Regional Tournament",St. Louis University in the St. Louis School of Law,,"February 09, 2019","February 10, 2019",Matthew Eslick,Frank Guliuzza,8th place after round 3: 3.5 Wins,Opening coin flip: Heads - Higher # = Better Rank,Round 3 coin flip: Tails - Left Side is Defense
3,1564,1457,Δ,21,Win,5,0,3,5.0,St. Louis University A,Western Illinois University A,False,False,False,False,,Dylan McCloskey,Witness,18,∆,Roma Shah Bye-Buster Team,Attorney,17,∆,,,,,,,,,"St. Louis, Missouri Regional Tournament",St. Louis University in the St. Louis School of Law,,"February 09, 2019","February 10, 2019",Matthew Eslick,Frank Guliuzza,8th place after round 3: 3.5 Wins,Opening coin flip: Heads - Higher # = Better Rank,Round 3 coin flip: Tails - Left Side is Defense
3,1564,1457,Δ,10,Win,5,0,3,5.0,St. Louis University A,Western Illinois University A,False,False,False,False,,Dylan McCloskey,Witness,18,∆,Roma Shah Bye-Buster Team,Attorney,17,∆,,,,,,,,,"St. Louis, Missouri Regional Tournament",St. Louis University in the St. Louis School of Law,,"February 09, 2019","February 10, 2019",Matthew Eslick,Frank Guliuzza,8th place after round 3: 3.5 Wins,Opening coin flip: Heads - Higher # = Better Rank,Round 3 coin flip: Tails - Left Side is Defense
4,1564,1801,Π,-3,Loss,5,0,3,5.0,St. Louis University A,Bye Bust Team,False,False,False,False,,Dylan McCloskey,Witness,18,∆,Roma Shah Bye-Buster Team,Attorney,17,∆,,,,,,,,,"St. Louis, Missouri Regional Tournament",St. Louis University in the St. Louis School of Law,,"February 09, 2019","February 10, 2019",Matthew Eslick,Frank Guliuzza,8th place after round 3: 3.5 Wins,Opening coin flip: Heads - Higher # = Better Rank,Round 3 coin flip: Tails - Left Side is Defense
4,1564,1801,Π,2,Win,5,0,3,5.0,St. Louis University A,Bye Bust Team,False,False,False,False,,Dylan McCloskey,Witness,18,∆,Roma Shah Bye-Buster Team,Attorney,17,∆,,,,,,,,,"St. Louis, Missouri Regional Tournament",St. Louis University in the St. Louis School of Law,,"February 09, 2019","February 10, 2019",Matthew Eslick,Frank Guliuzza,8th place after round 3: 3.5 Wins,Opening coin flip: Heads - Higher # = Better Rank,Round 3 coin flip: Tails - Left Side is Defense
1,1565,1608,Π,13,Win,2,0,6,2.0,St. Louis University B,Culver-Stockton College B,False,False,False,False,,Madison Zimmerman,Witness,17,∏,,,,,,,,,,,,,"St. Louis, Missouri Regional Tournament",St. Louis University in the St. Louis School of Law,,"February 09, 2019","February 10, 2019",Matthew Eslick,Frank Guliuzza,8th place after round 3: 3.5 Wins,Opening coin flip: Heads - Higher # = Better Rank,Round 3 coin flip: Tails - Left Side is Defense
1,1565,1608,Π,10,Win,2,0,6,2.0,St. Louis University B,Culver-Stockton College B,False,False,False,False,,Madison Zimmerman,Witness,17,∏,,,,,,,,,,,,,"St. Louis, Missouri Regional Tournament",St. Louis University in the St. Louis School of Law,,"February 09, 2019","February 10, 2019",Matthew Eslick,Frank Guliuzza,8th place after round 3: 3.5 Wins,Opening coin flip: Heads - Higher # = Better Rank,Round 3 coin flip: Tails - Left Side is Defense
2,1565,1238,Δ,-21,Loss,2,0,6,2.0,St. Louis University B,Indiana University A,False,False,False,False,,Madison Zimmerman,Witness,17,∏,,,,,,,,,,,,,"St. Louis, Missouri Regional Tournament",St. Louis University in the St. Louis School of Law,,"February 09, 2019","February 10, 2019",Matthew Eslick,Frank Guliuzza,8th place after round 3: 3.5 Wins,Opening coin flip: Heads - Higher # = Better Rank,Round 3 coin flip: Tails - Left Side is Defense
2,1565,1238,Δ,-18,Loss,2,0,6,2.0,St. Louis University B,Indiana University A,False,False,False,False,,Madison Zimmerman,Witness,17,∏,,,,,,,,,,,,,"St. Louis, Missouri Regional Tournament",St. Louis University in the St. Louis School of Law,,"February 09, 2019","February 10, 2019",Matthew Eslick,Frank Guliuzza,8th place after round 3: 3.5 Wins,Opening coin flip: Heads - Higher # = Better Rank,Round 3 coin flip: Tails - Left Side is Defense
3,1565,1147,Π,-6,Loss,2,0,6,2.0,St. Louis University B,Northern Illinois University B,False,False,False,False,,Madison Zimmerman,Witness,17,∏,,,,,,,,,,,,,"St. Louis, Missouri Regional Tournament",St. Louis University in the St. Louis School of Law,,"February 09, 2019","February 10, 2019",Matthew Eslick,Frank Guliuzza,8th place after round 3: 3.5 Wins,Opening coin flip: Heads - Higher # = Better Rank,Round 3 coin flip: Tails - Left Side is Defense
3,1565,1147,Π,-7,Loss,2,0,6,2.0,St. Louis University B,Northern Illinois University B,False,False,False,False,,Madison Zimmerman,Witness,17,∏,,,,,,,,,,,,,"St. Louis, Missouri Regional Tournament",St. Louis University in the St. Louis School of Law,,"February 09, 2019","February 10, 2019",Matthew Eslick,Frank Guliuzza,8th place after round 3: 3.5 Wins,Opening coin flip: Heads - Higher # = Better Rank,Round 3 coin flip: Tails - Left Side is Defense
4,1565,1239,Δ,-12,Loss,2,0,6,2.0,St. Louis University B,Indiana University B,False,False,False,False,,Madison Zimmerman,Witness,17,∏,,,,,,,,,,,,,"St. Louis, Missouri Regional Tournament",St. Louis University in the St. Louis School of Law,,"February 09, 2019","February 10, 2019",Matthew Eslick,Frank Guliuzza,8th place after round 3: 3.5 Wins,Opening coin flip: Heads - Higher # = Better Rank,Round 3 coin flip: Tails - Left Side is Defense
4,1565,1239,Δ,-16,Loss,2,0,6,2.0,St. Louis University B,Indiana University B,False,False,False,False,,Madison Zimmerman,Witness,17,∏,,,,,,,,,,,,,"St. Louis, Missouri Regional Tournament",St. Louis University in the St. Louis School of Law,,"February 09, 2019","February 10, 2019",Matthew Eslick,Frank Guliuzza,8th place after round 3: 3.5 Wins,Opening coin flip: Heads - Higher # = Better Rank,Round 3 coin flip: Tails - Left Side is Defense
1,1566,1027,Δ,27,Win,7,0,1,7.0,University of Cincinnati A,Quincy University B,False,False,False,False,,Hannah Timta,Witness,18,∏,Casmir Thornberry,Witness,17,∏,Cerise Siamof,Attorney,18,∆,Kaitlyn Harper,Attorney,17,∏,"St. Louis, Missouri Regional Tournament",St. Louis University in the St. Louis School of Law,,"February 09, 2019","February 10, 2019",Matthew Eslick,Frank Guliuzza,8th place after round 3: 3.5 Wins,Opening coin flip: Heads - Higher # = Better Rank,Round 3 coin flip: Tails - Left Side is Defense
1,1566,1027,Δ,17,Win,7,0,1,7.0,University of Cincinnati A,Quincy University B,False,False,False,False,,Hannah Timta,Witness,18,∏,Casmir Thornberry,Witness,17,∏,Cerise Siamof,Attorney,18,∆,Kaitlyn Harper,Attorney,17,∏,"St. Louis, Missouri Regional Tournament",St. Louis University in the St. Louis School of Law,,"February 09, 2019","February 10, 2019",Matthew Eslick,Frank Guliuzza,8th place after round 3: 3.5 Wins,Opening coin flip: Heads - Higher # = Better Rank,Round 3 coin flip: Tails - Left Side is Defense
2,1566,1450,Π,11,Win,7,0,1,7.0,University of Cincinnati A,"University of Wisconsin, Madison A",False,False,False,False,,Hannah Timta,Witness,18,∏,Casmir Thornberry,Witness,17,∏,Cerise Siamof,Attorney,18,∆,Kaitlyn Harper,Attorney,17,∏,"St. Louis, Missouri Regional Tournament",St. Louis University in the St. Louis School of Law,,"February 09, 2019","February 10, 2019",Matthew Eslick,Frank Guliuzza,8th place after round 3: 3.5 Wins,Opening coin flip: Heads - Higher # = Better Rank,Round 3 coin flip: Tails - Left Side is Defense
2,1566,1450,Π,8,Win,7,0,1,7.0,University of Cincinnati A,"University of Wisconsin, Madison A",False,False,False,False,,Hannah Timta,Witness,18,∏,Casmir Thornberry,Witness,17,∏,Cerise Siamof,Attorney,18,∆,Kaitlyn Harper,Attorney,17,∏,"St. Louis, Missouri Regional Tournament",St. Louis University in the St. Louis School of Law,,"February 09, 2019","February 10, 2019",Matthew Eslick,Frank Guliuzza,8th place after round 3: 3.5 Wins,Opening coin flip: Heads - Higher # = Better Rank,Round 3 coin flip: Tails - Left Side is Defense
3,1566,1619,Π,-1,Loss,7,0,1,7.0,University of Cincinnati A,University of Chicago D,False,False,False,False,,Hannah Timta,Witness,18,∏,Casmir Thornberry,Witness,17,∏,Cerise Siamof,Attorney,18,∆,Kaitlyn Harper,Attorney,17,∏,"St. Louis, Missouri Regional Tournament",St. Louis University in the St. Louis School of Law,,"February 09, 2019","February 10, 2019",Matthew Eslick,Frank Guliuzza,8th place after round 3: 3.5 Wins,Opening coin flip: Heads - Higher # = Better Rank,Round 3 coin flip: Tails - Left Side is Defense
3,1566,1619,Π,7,Win,7,0,1,7.0,University of Cincinnati A,University of Chicago D,False,False,False,False,,Hannah Timta,Witness,18,∏,Casmir Thornberry,Witness,17,∏,Cerise Siamof,Attorney,18,∆,Kaitlyn Harper,Attorney,17,∏,"St. Louis, Missouri Regional Tournament",St. Louis University in the St. Louis School of Law,,"February 09, 2019","February 10, 2019",Matthew Eslick,Frank Guliuzza,8th place after round 3: 3.5 Wins,Opening coin flip: Heads - Higher # = Better Rank,Round 3 coin flip: Tails - Left Side is Defense
4,1566,1696,Δ,5,Win,7,0,1,7.0,University of Cincinnati A,Washington University in St. Louis C,False,False,False,False,,Hannah Timta,Witness,18,∏,Casmir Thornberry,Witness,17,∏,Cerise Siamof,Attorney,18,∆,Kaitlyn Harper,Attorney,17,∏,"St. Louis, Missouri Regional Tournament",St. Louis University in the St. Louis School of Law,,"February 09, 2019","February 10, 2019",Matthew Eslick,Frank Guliuzza,8th place after round 3: 3.5 Wins,Opening coin flip: Heads - Higher # = Better Rank,Round 3 coin flip: Tails - Left Side is Defense
4,1566,1696,Δ,7,Win,7,0,1,7.0,University of Cincinnati A,Washington University in St. Louis C,False,False,False,False,,Hannah Timta,Witness,18,∏,Casmir Thornberry,Witness,17,∏,Cerise Siamof,Attorney,18,∆,Kaitlyn Harper,Attorney,17,∏,"St. Louis, Missouri Regional Tournament",St. Louis University in the St. Louis School of Law,,"February 09, 2019","February 10, 2019",Matthew Eslick,Frank Guliuzza,8th place after round 3: 3.5 Wins,Opening coin flip: Heads - Higher # = Better Rank,Round 3 coin flip: Tails - Left Side is Defense
1,1608,1565,Δ,-13,Loss,1,0,7,1.0,Culver-Stockton College B,St. Louis University B,False,False,False,False,,,,,,,,,,,,,,,,,,"St. Louis, Missouri Regional Tournament",St. Louis University in the St. Louis School of Law,,"February 09, 2019","February 10, 2019",Matthew Eslick,Frank Guliuzza,8th place after round 3: 3.5 Wins,Opening coin flip: Heads - Higher # = Better Rank,Round 3 coin flip: Tails - Left Side is Defense
1,1608,1565,Δ,-10,Loss,1,0,7,1.0,Culver-Stockton College B,St. Louis University B,False,False,False,False,,,,,,,,,,,,,,,,,,"St. Louis, Missouri Regional Tournament",St. Louis University in the St. Louis School of Law,,"February 09, 2019","February 10, 2019",Matthew Eslick,Frank Guliuzza,8th place after round 3: 3.5 Wins,Opening coin flip: Heads - Higher # = Better Rank,Round 3 coin flip: Tails - Left Side is Defense
2,1608,1457,Π,-10,Loss,1,0,7,1.0,Culver-Stockton College B,Western Illinois University A,False,False,False,False,,,,,,,,,,,,,,,,,,"St. Louis, Missouri Regional Tournament",St. Louis University in the St. Louis School of Law,,"February 09, 2019","February 10, 2019",Matthew Eslick,Frank Guliuzza,8th place after round 3: 3.5 Wins,Opening coin flip: Heads - Higher # = Better Rank,Round 3 coin flip: Tails - Left Side is Defense
2,1608,1457,Π,-3,Loss,1,0,7,1.0,Culver-Stockton College B,Western Illinois University A,False,False,False,False,,,,,,,,,,,,,,,,,,"St. Louis, Missouri Regional Tournament",St. Louis University in the St. Louis School of Law,,"February 09, 2019","February 10, 2019",Matthew Eslick,Frank Guliuzza,8th place after round 3: 3.5 Wins,Opening coin flip: Heads - Higher # = Better Rank,Round 3 coin flip: Tails - Left Side is Defense
3,1608,1801,Δ,-12,Loss,1,0,7,1.0,Culver-Stockton College B,Bye Bust Team,False,False,False,False,,,,,,,,,,,,,,,,,,"St. Louis, Missouri Regional Tournament",St. Louis University in the St. Louis School of Law,,"February 09, 2019","February 10, 2019",Matthew Eslick,Frank Guliuzza,8th place after round 3: 3.5 Wins,Opening coin flip: Heads - Higher # = Better Rank,Round 3 coin flip: Tails - Left Side is Defense
3,1608,1801,Δ,1,Win,1,0,7,1.0,Culver-Stockton College B,Bye Bust Team,False,False,False,False,,,,,,,,,,,,,,,,,,"St. Louis, Missouri Regional Tournament",St. Louis University in the St. Louis School of Law,,"February 09, 2019","February 10, 2019",Matthew Eslick,Frank Guliuzza,8th place after round 3: 3.5 Wins,Opening coin flip: Heads - Higher # = Better Rank,Round 3 coin flip: Tails - Left Side is Defense
4,1608,1618,Π,-34,Loss,1,0,7,1.0,Culver-Stockton College B,University of Chicago C,False,False,False,False,,,,,,,,,,,,,,,,,,"St. Louis, Missouri Regional Tournament",St. Louis University in the St. Louis School of Law,,"February 09, 2019","February 10, 2019",Matthew Eslick,Frank Guliuzza,8th place after round 3: 3.5 Wins,Opening coin flip: Heads - Higher # = Better Rank,Round 3 coin flip: Tails - Left Side is Defense
4,1608,1618,Π,-19,Loss,1,0,7,1.0,Culver-Stockton College B,University of Chicago C,False,False,False,False,,,,,,,,,,,,,,,,,,"St. Louis, Missouri Regional Tournament",St. Louis University in the St. Louis School of Law,,"February 09, 2019","February 10, 2019",Matthew Eslick,Frank Guliuzza,8th place after round 3: 3.5 Wins,Opening coin flip: Heads - Higher # = Better Rank,Round 3 coin flip: Tails - Left Side is Defense
1,1618,1060,Δ,-6,Loss,6,1,1,6.5,University of Chicago C,Illinois State University A,False,False,True,False,30,Denise Azadeh,Witness,17,∏,Dorian DeBose Washington University in St Louis,Attorney,17,∆,,,,,,,,,"St. Louis, Missouri Regional Tournament",St. Louis University in the St. Louis School of Law,,"February 09, 2019","February 10, 2019",Matthew Eslick,Frank Guliuzza,8th place after round 3: 3.5 Wins,Opening coin flip: Heads - Higher # = Better Rank,Round 3 coin flip: Tails - Left Side is Defense
1,1618,1060,Δ,8,Win,6,1,1,6.5,University of Chicago C,Illinois State University A,False,False,True,False,30,Denise Azadeh,Witness,17,∏,Dorian DeBose Washington University in St Louis,Attorney,17,∆,,,,,,,,,"St. Louis, Missouri Regional Tournament",St. Louis University in the St. Louis School of Law,,"February 09, 2019","February 10, 2019",Matthew Eslick,Frank Guliuzza,8th place after round 3: 3.5 Wins,Opening coin flip: Heads - Higher # = Better Rank,Round 3 coin flip: Tails - Left Side is Defense
2,1618,1696,Π,17,Win,6,1,1,6.5,University of Chicago C,Washington University in St. Louis C,False,False,True,False,30,Denise Azadeh,Witness,17,∏,Dorian DeBose Washington University in St Louis,Attorney,17,∆,,,,,,,,,"St. Louis, Missouri Regional Tournament",St. Louis University in the St. Louis School of Law,,"February 09, 2019","February 10, 2019",Matthew Eslick,Frank Guliuzza,8th place after round 3: 3.5 Wins,Opening coin flip: Heads - Higher # = Better Rank,Round 3 coin flip: Tails - Left Side is Defense
2,1618,1696,Π,9,Win,6,1,1,6.5,University of Chicago C,Washington University in St. Louis C,False,False,True,False,30,Denise Azadeh,Witness,17,∏,Dorian DeBose Washington University in St Louis,Attorney,17,∆,,,,,,,,,"St. Louis, Missouri Regional Tournament",St. Louis University in the St. Louis School of Law,,"February 09, 2019","February 10, 2019",Matthew Eslick,Frank Guliuzza,8th place after round 3: 3.5 Wins,Opening coin flip: Heads - Higher # = Better Rank,Round 3 coin flip: Tails - Left Side is Defense
3,1618,1239,Π,0,Tie,6,1,1,6.5,University of Chicago C,Indiana University B,False,False,True,False,30,Denise Azadeh,Witness,17,∏,Dorian DeBose Washington University in St Louis,Attorney,17,∆,,,,,,,,,"St. Louis, Missouri Regional Tournament",St. Louis University in the St. Louis School of Law,,"February 09, 2019","February 10, 2019",Matthew Eslick,Frank Guliuzza,8th place after round 3: 3.5 Wins,Opening coin flip: Heads - Higher # = Better Rank,Round 3 coin flip: Tails - Left Side is Defense
3,1618,1239,Π,20,Win,6,1,1,6.5,University of Chicago C,Indiana University B,False,False,True,False,30,Denise Azadeh,Witness,17,∏,Dorian DeBose Washington University in St Louis,Attorney,17,∆,,,,,,,,,"St. Louis, Missouri Regional Tournament",St. Louis University in the St. Louis School of Law,,"February 09, 2019","February 10, 2019",Matthew Eslick,Frank Guliuzza,8th place after round 3: 3.5 Wins,Opening coin flip: Heads - Higher # = Better Rank,Round 3 coin flip: Tails - Left Side is Defense
4,1618,1608,Δ,34,Win,6,1,1,6.5,University of Chicago C,Culver-Stockton College B,False,False,True,False,30,Denise Azadeh,Witness,17,∏,Dorian DeBose Washington University in St Louis,Attorney,17,∆,,,,,,,,,"St. Louis, Missouri Regional Tournament",St. Louis University in the St. Louis School of Law,,"February 09, 2019","February 10, 2019",Matthew Eslick,Frank Guliuzza,8th place after round 3: 3.5 Wins,Opening coin flip: Heads - Higher # = Better Rank,Round 3 coin flip: Tails - Left Side is Defense
4,1618,1608,Δ,19,Win,6,1,1,6.5,University of Chicago C,Culver-Stockton College B,False,False,True,False,30,Denise Azadeh,Witness,17,∏,Dorian DeBose Washington University in St Louis,Attorney,17,∆,,,,,,,,,"St. Louis, Missouri Regional Tournament",St. Louis University in the St. Louis School of Law,,"February 09, 2019","February 10, 2019",Matthew Eslick,Frank Guliuzza,8th place after round 3: 3.5 Wins,Opening coin flip: Heads - Higher # = Better Rank,Round 3 coin flip: Tails - Left Side is Defense
1,1619,1564,Π,3,Win,6,0,2,6.0,University of Chicago D,St. Louis University A,False,False,False,False,,Chloe Duval,Witness,19,∏,Anna Stoneman,Attorney,18,∏,,,,,,,,,"St. Louis, Missouri Regional Tournament",St. Louis University in the St. Louis School of Law,,"February 09, 2019","February 10, 2019",Matthew Eslick,Frank Guliuzza,8th place after round 3: 3.5 Wins,Opening coin flip: Heads - Higher # = Better Rank,Round 3 coin flip: Tails - Left Side is Defense
1,1619,1564,Π,3,Win,6,0,2,6.0,University of Chicago D,St. Louis University A,False,False,False,False,,Chloe Duval,Witness,19,∏,Anna Stoneman,Attorney,18,∏,,,,,,,,,"St. Louis, Missouri Regional Tournament",St. Louis University in the St. Louis School of Law,,"February 09, 2019","February 10, 2019",Matthew Eslick,Frank Guliuzza,8th place after round 3: 3.5 Wins,Opening coin flip: Heads - Higher # = Better Rank,Round 3 coin flip: Tails - Left Side is Defense
2,1619,1146,Δ,1,Win,6,0,2,6.0,University of Chicago D,Northern Illinois University A,False,False,False,False,,Chloe Duval,Witness,19,∏,Anna Stoneman,Attorney,18,∏,,,,,,,,,"St. Louis, Missouri Regional Tournament",St. Louis University in the St. Louis School of Law,,"February 09, 2019","February 10, 2019",Matthew Eslick,Frank Guliuzza,8th place after round 3: 3.5 Wins,Opening coin flip: Heads - Higher # = Better Rank,Round 3 coin flip: Tails - Left Side is Defense
2,1619,1146,Δ,-8,Loss,6,0,2,6.0,University of Chicago D,Northern Illinois University A,False,False,False,False,,Chloe Duval,Witness,19,∏,Anna Stoneman,Attorney,18,∏,,,,,,,,,"St. Louis, Missouri Regional Tournament",St. Louis University in the St. Louis School of Law,,"February 09, 2019","February 10, 2019",Matthew Eslick,Frank Guliuzza,8th place after round 3: 3.5 Wins,Opening coin flip: Heads - Higher # = Better Rank,Round 3 coin flip: Tails - Left Side is Defense
3,1619,1566,Δ,1,Win,6,0,2,6.0,University of Chicago D,University of Cincinnati A,False,False,False,False,,Chloe Duval,Witness,19,∏,Anna Stoneman,Attorney,18,∏,,,,,,,,,"St. Louis, Missouri Regional Tournament",St. Louis University in the St. Louis School of Law,,"February 09, 2019","February 10, 2019",Matthew Eslick,Frank Guliuzza,8th place after round 3: 3.5 Wins,Opening coin flip: Heads - Higher # = Better Rank,Round 3 coin flip: Tails - Left Side is Defense
3,1619,1566,Δ,-7,Loss,6,0,2,6.0,University of Chicago D,University of Cincinnati A,False,False,False,False,,Chloe Duval,Witness,19,∏,Anna Stoneman,Attorney,18,∏,,,,,,,,,"St. Louis, Missouri Regional Tournament",St. Louis University in the St. Louis School of Law,,"February 09, 2019","February 10, 2019",Matthew Eslick,Frank Guliuzza,8th place after round 3: 3.5 Wins,Opening coin flip: Heads - Higher # = Better Rank,Round 3 coin flip: Tails - Left Side is Defense
4,1619,1060,Π,24,Win,6,0,2,6.0,University of Chicago D,Illinois State University A,False,False,False,False,,Chloe Duval,Witness,19,∏,Anna Stoneman,Attorney,18,∏,,,,,,,,,"St. Louis, Missouri Regional Tournament",St. Louis University in the St. Louis School of Law,,"February 09, 2019","February 10, 2019",Matthew Eslick,Frank Guliuzza,8th place after round 3: 3.5 Wins,Opening coin flip: Heads - Higher # = Better Rank,Round 3 coin flip: Tails - Left Side is Defense
4,1619,1060,Π,15,Win,6,0,2,6.0,University of Chicago D,Illinois State University A,False,False,False,False,,Chloe Duval,Witness,19,∏,Anna Stoneman,Attorney,18,∏,,,,,,,,,"St. Louis, Missouri Regional Tournament",St. Louis University in the St. Louis School of Law,,"February 09, 2019","February 10, 2019",Matthew Eslick,Frank Guliuzza,8th place after round 3: 3.5 Wins,Opening coin flip: Heads - Higher # = Better Rank,Round 3 coin flip: Tails - Left Side is Defense
1,1696,1307,Π,9,Win,2,0,6,2.0,Washington University in St. Louis C,"University of Illinois, Springfield A",False,False,False,False,,,,,,,,,,,,,,,,,,"St. Louis, Missouri Regional Tournament",St. Louis University in the St. Louis School of Law,,"February 09, 2019","February 10, 2019",Matthew Eslick,Frank Guliuzza,8th place after round 3: 3.5 Wins,Opening coin flip: Heads - Higher # = Better Rank,Round 3 coin flip: Tails - Left Side is Defense
1,1696,1307,Π,-3,Loss,2,0,6,2.0,Washington University in St. Louis C,"University of Illinois, Springfield A",False,False,False,False,,,,,,,,,,,,,,,,,,"St. Louis, Missouri Regional Tournament",St. Louis University in the St. Louis School of Law,,"February 09, 2019","February 10, 2019",Matthew Eslick,Frank Guliuzza,8th place after round 3: 3.5 Wins,Opening coin flip: Heads - Higher # = Better Rank,Round 3 coin flip: Tails - Left Side is Defense
2,1696,1618,Δ,-17,Loss,2,0,6,2.0,Washington University in St. Louis C,University of Chicago C,False,False,False,False,,,,,,,,,,,,,,,,,,"St. Louis, Missouri Regional Tournament",St. Louis University in the St. Louis School of Law,,"February 09, 2019","February 10, 2019",Matthew Eslick,Frank Guliuzza,8th place after round 3: 3.5 Wins,Opening coin flip: Heads - Higher # = Better Rank,Round 3 coin flip: Tails - Left Side is Defense
2,1696,1618,Δ,-9,Loss,2,0,6,2.0,Washington University in St. Louis C,University of Chicago C,False,False,False,False,,,,,,,,,,,,,,,,,,"St. Louis, Missouri Regional Tournament",St. Louis University in the St. Louis School of Law,,"February 09, 2019","February 10, 2019",Matthew Eslick,Frank Guliuzza,8th place after round 3: 3.5 Wins,Opening coin flip: Heads - Higher # = Better Rank,Round 3 coin flip: Tails - Left Side is Defense
3,1696,1026,Δ,-1,Loss,2,0,6,2.0,Washington University in St. Louis C,Quincy University A,False,False,False,False,,,,,,,,,,,,,,,,,,"St. Louis, Missouri Regional Tournament",St. Louis University in the St. Louis School of Law,,"February 09, 2019","February 10, 2019",Matthew Eslick,Frank Guliuzza,8th place after round 3: 3.5 Wins,Opening coin flip: Heads - Higher # = Better Rank,Round 3 coin flip: Tails - Left Side is Defense
3,1696,1026,Δ,17,Win,2,0,6,2.0,Washington University in St. Louis C,Quincy University A,False,False,False,False,,,,,,,,,,,,,,,,,,"St. Louis, Missouri Regional Tournament",St. Louis University in the St. Louis School of Law,,"February 09, 2019","February 10, 2019",Matthew Eslick,Frank Guliuzza,8th place after round 3: 3.5 Wins,Opening coin flip: Heads - Higher # = Better Rank,Round 3 coin flip: Tails - Left Side is Defense
4,1696,1566,Π,-5,Loss,2,0,6,2.0,Washington University in St. Louis C,University of Cincinnati A,False,False,False,False,,,,,,,,,,,,,,,,,,"St. Louis, Missouri Regional Tournament",St. Louis University in the St. Louis School of Law,,"February 09, 2019","February 10, 2019",Matthew Eslick,Frank Guliuzza,8th place after round 3: 3.5 Wins,Opening coin flip: Heads - Higher # = Better Rank,Round 3 coin flip: Tails - Left Side is Defense
4,1696,1566,Π,-7,Loss,2,0,6,2.0,Washington University in St. Louis C,University of Cincinnati A,False,False,False,False,,,,,,,,,,,,,,,,,,"St. Louis, Missouri Regional Tournament",St. Louis University in the St. Louis School of Law,,"February 09, 2019","February 10, 2019",Matthew Eslick,Frank Guliuzza,8th place after round 3: 3.5 Wins,Opening coin flip: Heads - Higher # = Better Rank,Round 3 coin flip: Tails - Left Side is Defense
1,1801,1457,Δ,12,Win,6,0,2,6.0,Bye Bust Team,Western Illinois University A,False,False,False,False,,Vyasa Babu,Attorney,19,∏,Stephen Johnson,Attorney,19,∏,,,,,,,,,"St. Louis, Missouri Regional Tournament",St. Louis University in the St. Louis School of Law,,"February 09, 2019","February 10, 2019",Matthew Eslick,Frank Guliuzza,8th place after round 3: 3.5 Wins,Opening coin flip: Heads - Higher # = Better Rank,Round 3 coin flip: Tails - Left Side is Defense
1,1801,1457,Δ,8,Win,6,0,2,6.0,Bye Bust Team,Western Illinois University A,False,False,False,False,,Vyasa Babu,Attorney,19,∏,Stephen Johnson,Attorney,19,∏,,,,,,,,,"St. Louis, Missouri Regional Tournament",St. Louis University in the St. Louis School of Law,,"February 09, 2019","February 10, 2019",Matthew Eslick,Frank Guliuzza,8th place after round 3: 3.5 Wins,Opening coin flip: Heads - Higher # = Better Rank,Round 3 coin flip: Tails - Left Side is Defense
2,1801,1027,Π,8,Win,6,0,2,6.0,Bye Bust Team,Quincy University B,False,False,False,False,,Vyasa Babu,Attorney,19,∏,Stephen Johnson,Attorney,19,∏,,,,,,,,,"St. Louis, Missouri Regional Tournament",St. Louis University in the St. Louis School of Law,,"February 09, 2019","February 10, 2019",Matthew Eslick,Frank Guliuzza,8th place after round 3: 3.5 Wins,Opening coin flip: Heads - Higher # = Better Rank,Round 3 coin flip: Tails - Left Side is Defense
2,1801,1027,Π,4,Win,6,0,2,6.0,Bye Bust Team,Quincy University B,False,False,False,False,,Vyasa Babu,Attorney,19,∏,Stephen Johnson,Attorney,19,∏,,,,,,,,,"St. Louis, Missouri Regional Tournament",St. Louis University in the St. Louis School of Law,,"February 09, 2019","February 10, 2019",Matthew Eslick,Frank Guliuzza,8th place after round 3: 3.5 Wins,Opening coin flip: Heads - Higher # = Better Rank,Round 3 coin flip: Tails - Left Side is Defense
3,1801,1608,Π,12,Win,6,0,2,6.0,Bye Bust Team,Culver-Stockton College B,False,False,False,False,,Vyasa Babu,Attorney,19,∏,Stephen Johnson,Attorney,19,∏,,,,,,,,,"St. Louis, Missouri Regional Tournament",St. Louis University in the St. Louis School of Law,,"February 09, 2019","February 10, 2019",Matthew Eslick,Frank Guliuzza,8th place after round 3: 3.5 Wins,Opening coin flip: Heads - Higher # = Better Rank,Round 3 coin flip: Tails - Left Side is Defense
3,1801,1608,Π,-1,Loss,6,0,2,6.0,Bye Bust Team,Culver-Stockton College B,False,False,False,False,,Vyasa Babu,Attorney,19,∏,Stephen Johnson,Attorney,19,∏,,,,,,,,,"St. Louis, Missouri Regional Tournament",St. Louis University in the St. Louis School of Law,,"February 09, 2019","February 10, 2019",Matthew Eslick,Frank Guliuzza,8th place after round 3: 3.5 Wins,Opening coin flip: Heads - Higher # = Better Rank,Round 3 coin flip: Tails - Left Side is Defense
4,1801,1564,Δ,3,Win,6,0,2,6.0,Bye Bust Team,St. Louis University A,False,False,False,False,,Vyasa Babu,Attorney,19,∏,Stephen Johnson,Attorney,19,∏,,,,,,,,,"St. Louis, Missouri Regional Tournament",St. Louis University in the St. Louis School of Law,,"February 09, 2019","February 10, 2019",Matthew Eslick,Frank Guliuzza,8th place after round 3: 3.5 Wins,Opening coin flip: Heads - Higher # = Better Rank,Round 3 coin flip: Tails - Left Side is Defense
4,1801,1564,Δ,-2,Loss,6,0,2,6.0,Bye Bust Team,St. Louis University A,False,False,False,False,,Vyasa Babu,Attorney,19,∏,Stephen Johnson,Attorney,19,∏,,,,,,,,,"St. Louis, Missouri Regional Tournament",St. Louis University in the St. Louis School of Law,,"February 09, 2019","February 10, 2019",Matthew Eslick,Frank Guliuzza,8th place after round 3: 3.5 Wins,Opening coin flip: Heads - Higher # = Better Rank,Round 3 coin flip: Tails - Left Side is Defense
